FID,sa1_code,tot_tot,tot_non_indig,tot_indig,impacted
census_2021_indigenous_state_sa1.1277,20505110103,1167,1100,33,0
census_2021_indigenous_state_sa1.1284,20505110111,384,336,3,0
census_2021_indigenous_state_sa1.36,10103101516,119,109,0,1
census_2021_indigenous_state_sa1.37,10103101517,179,172,8,1
census_2021_indigenous_state_sa1.40,10103101520,141,125,7,1
census_2021_indigenous_state_sa1.43,10103101524,199,177,6,1
census_2021_indigenous_state_sa1.116,10104102005,280,256,15,1
census_2021_indigenous_state_sa1.1299,20505110126,571,528,4,0
census_2021_indigenous_state_sa1.502,20401105704,776,712,5,1
census_2021_indigenous_state_sa1.506,20401105709,5,5,0,1
census_2021_indigenous_state_sa1.1,80111114101,63,43,8,0
census_2021_indigenous_state_sa1.2,10102100707,416,388,5,0
census_2021_indigenous_state_sa1.1341,20505110321,450,419,9,0
census_2021_indigenous_state_sa1.1369,20505110415,413,379,3,0
census_2021_indigenous_state_sa1.498,20401105521,227,205,0,1
census_2021_indigenous_state_sa1.499,20401105701,473,386,0,1
census_2021_indigenous_state_sa1.1456,21602141208,213,191,9,0
census_2021_indigenous_state_sa1.3,10102100708,643,567,18,1
census_2021_indigenous_state_sa1.1405,21105128634,368,353,5,0
census_2021_indigenous_state_sa1.556,20402106406,611,578,9,1
census_2021_indigenous_state_sa1.557,20402106407,347,323,6,1
census_2021_indigenous_state_sa1.53,10103101612,75,51,0,1
census_2021_indigenous_state_sa1.1408,21105128637,212,181,4,0
census_2021_indigenous_state_sa1.688,20403106928,329,293,5,1
census_2021_indigenous_state_sa1.1458,21602141302,374,340,15,0
census_2021_indigenous_state_sa1.732,20403107217,298,239,0,1
census_2021_indigenous_state_sa1.65,10104101707,0,0,0,0
census_2021_indigenous_state_sa1.67,10104101715,0,0,0,0
census_2021_indigenous_state_sa1.777,20403107505,239,228,0,1
census_2021_indigenous_state_sa1.815,20501107704,270,252,0,1
census_2021_indigenous_state_sa1.816,20501107705,334,310,0,1
census_2021_indigenous_state_sa1.817,20501107706,7,7,0,1
census_2021_indigenous_state_sa1.818,20501107707,7,7,0,1
census_2021_indigenous_state_sa1.957,20502108225,314,279,10,1
census_2021_indigenous_state_sa1.939,20502108207,261,249,0,1
census_2021_indigenous_state_sa1.1415,21105128644,308,266,0,0
census_2021_indigenous_state_sa1.1464,21602141328,202,185,13,0
census_2021_indigenous_state_sa1.1004,20502108518,404,308,43,1
census_2021_indigenous_state_sa1.1001,20502108515,364,326,11,1
census_2021_indigenous_state_sa1.93,10104101822,436,392,12,0
census_2021_indigenous_state_sa1.1371,20903121109,308,284,0,1
census_2021_indigenous_state_sa1.1357,20505110403,517,469,7,1
census_2021_indigenous_state_sa1.1425,21201128901,19,19,0,1
census_2021_indigenous_state_sa1.1278,20505110104,329,306,8,0
census_2021_indigenous_state_sa1.1285,20505110112,371,333,8,0
census_2021_indigenous_state_sa1.1286,20505110113,363,323,10,0
census_2021_indigenous_state_sa1.1288,20505110115,616,538,20,0
census_2021_indigenous_state_sa1.1289,20505110116,498,454,4,0
census_2021_indigenous_state_sa1.1290,20505110117,366,353,6,0
census_2021_indigenous_state_sa1.118,10104102007,409,368,11,0
census_2021_indigenous_state_sa1.119,10104102008,347,326,10,0
census_2021_indigenous_state_sa1.120,10104102009,0,0,0,0
census_2021_indigenous_state_sa1.109,10104101919,317,289,7,0
census_2021_indigenous_state_sa1.1449,21602141201,291,249,8,0
census_2021_indigenous_state_sa1.1362,20505110408,349,296,11,0
census_2021_indigenous_state_sa1.1441,21602141110,543,496,5,0
census_2021_indigenous_state_sa1.1450,21602141202,348,299,24,0
census_2021_indigenous_state_sa1.128,10104102017,262,240,4,0
census_2021_indigenous_state_sa1.126,10104102015,197,170,4,1
census_2021_indigenous_state_sa1.127,10104102016,261,247,4,1
census_2021_indigenous_state_sa1.130,10104102019,362,322,9,1
census_2021_indigenous_state_sa1.131,10104102020,581,506,35,1
census_2021_indigenous_state_sa1.1280,20505110107,495,425,10,0
census_2021_indigenous_state_sa1.134,10104102023,323,292,9,0
census_2021_indigenous_state_sa1.1283,20505110110,415,367,15,0
census_2021_indigenous_state_sa1.1302,20505110129,359,336,5,0
census_2021_indigenous_state_sa1.1311,20505110203,837,749,55,0
census_2021_indigenous_state_sa1.1306,20505110133,339,325,0,0
census_2021_indigenous_state_sa1.491,20401105512,467,416,3,0
census_2021_indigenous_state_sa1.1002,20502108516,356,305,16,1
census_2021_indigenous_state_sa1.83,10104101812,422,360,24,0
census_2021_indigenous_state_sa1.1304,20505110131,209,188,3,0
census_2021_indigenous_state_sa1.161,10104102401,309,253,30,1
census_2021_indigenous_state_sa1.177,10104102507,275,269,8,0
census_2021_indigenous_state_sa1.5,10103101302,470,413,6,0
census_2021_indigenous_state_sa1.6,10103101303,257,240,9,0
census_2021_indigenous_state_sa1.368,10901117610,592,527,24,0
census_2021_indigenous_state_sa1.1305,20505110132,390,367,3,0
census_2021_indigenous_state_sa1.7,10103101304,406,371,9,0
census_2021_indigenous_state_sa1.12,10103101401,250,228,16,0
census_2021_indigenous_state_sa1.13,10103101402,372,340,13,0
census_2021_indigenous_state_sa1.14,10103101403,395,359,13,0
census_2021_indigenous_state_sa1.15,10103101404,463,414,13,0
census_2021_indigenous_state_sa1.45,10103101602,450,410,9,0
census_2021_indigenous_state_sa1.192,10104102523,214,188,6,0
census_2021_indigenous_state_sa1.16,10103101405,451,394,4,0
census_2021_indigenous_state_sa1.17,10103101406,498,466,8,0
census_2021_indigenous_state_sa1.18,10103101407,386,349,14,0
census_2021_indigenous_state_sa1.20,10103101409,416,387,11,0
census_2021_indigenous_state_sa1.200,10104102531,0,0,0,0
census_2021_indigenous_state_sa1.21,10103101410,399,364,9,0
census_2021_indigenous_state_sa1.22,10103101411,553,475,65,0
census_2021_indigenous_state_sa1.23,10103101412,589,540,28,0
census_2021_indigenous_state_sa1.281,10901117306,543,420,69,0
census_2021_indigenous_state_sa1.282,10901117307,577,487,44,0
census_2021_indigenous_state_sa1.24,10103101414,181,165,7,0
census_2021_indigenous_state_sa1.25,10103101415,421,370,35,0
census_2021_indigenous_state_sa1.26,10103101417,13,17,0,0
census_2021_indigenous_state_sa1.27,10103101419,482,426,37,0
census_2021_indigenous_state_sa1.30,10103101503,250,219,12,0
census_2021_indigenous_state_sa1.32,10103101511,257,197,6,0
census_2021_indigenous_state_sa1.39,10103101519,339,305,5,0
census_2021_indigenous_state_sa1.41,10103101521,404,366,9,0
census_2021_indigenous_state_sa1.42,10103101523,210,198,0,0
census_2021_indigenous_state_sa1.283,10901117308,245,203,16,0
census_2021_indigenous_state_sa1.284,10901117309,527,446,41,0
census_2021_indigenous_state_sa1.29,10103101502,6,8,0,1
census_2021_indigenous_state_sa1.33,10103101512,140,106,4,1
census_2021_indigenous_state_sa1.203,10104102603,339,315,7,0
census_2021_indigenous_state_sa1.44,10103101601,99,84,0,0
census_2021_indigenous_state_sa1.329,10901117428,384,376,0,0
census_2021_indigenous_state_sa1.52,10103101611,400,266,12,0
census_2021_indigenous_state_sa1.206,10104102606,336,311,10,0
census_2021_indigenous_state_sa1.47,10103101604,294,257,7,0
census_2021_indigenous_state_sa1.50,10103101607,252,236,0,0
census_2021_indigenous_state_sa1.51,10103101608,307,294,5,0
census_2021_indigenous_state_sa1.61,10104101702,247,204,24,0
census_2021_indigenous_state_sa1.369,10901117611,481,424,13,0
census_2021_indigenous_state_sa1.212,10104102613,343,298,15,0
census_2021_indigenous_state_sa1.54,10103101614,451,441,0,0
census_2021_indigenous_state_sa1.55,10103101615,402,386,11,0
census_2021_indigenous_state_sa1.56,10103101616,512,489,7,0
census_2021_indigenous_state_sa1.57,10103101617,439,394,10,0
census_2021_indigenous_state_sa1.286,10901117311,551,517,13,0
census_2021_indigenous_state_sa1.215,10104102616,227,193,10,0
census_2021_indigenous_state_sa1.216,10104102617,253,225,5,0
census_2021_indigenous_state_sa1.217,10104102618,348,296,16,0
census_2021_indigenous_state_sa1.58,10103101619,575,518,13,0
census_2021_indigenous_state_sa1.59,10103101620,218,201,5,0
census_2021_indigenous_state_sa1.60,10104101701,631,526,67,0
census_2021_indigenous_state_sa1.62,10104101703,449,391,10,0
census_2021_indigenous_state_sa1.77,10104101806,444,378,32,0
census_2021_indigenous_state_sa1.63,10104101704,414,354,41,0
census_2021_indigenous_state_sa1.71,10104101722,500,422,51,0
census_2021_indigenous_state_sa1.72,10104101801,313,282,12,0
census_2021_indigenous_state_sa1.105,10104101913,380,364,4,0
census_2021_indigenous_state_sa1.64,10104101706,501,419,42,0
census_2021_indigenous_state_sa1.66,10104101714,0,0,0,0
census_2021_indigenous_state_sa1.68,10104101718,429,366,33,0
census_2021_indigenous_state_sa1.231,10104102709,685,617,15,0
census_2021_indigenous_state_sa1.233,10104102711,0,0,0,0
census_2021_indigenous_state_sa1.234,10104102712,482,417,15,0
census_2021_indigenous_state_sa1.69,10104101720,298,266,20,0
census_2021_indigenous_state_sa1.70,10104101721,400,311,55,0
census_2021_indigenous_state_sa1.291,10901117316,371,356,8,0
census_2021_indigenous_state_sa1.73,10104101802,281,264,0,0
census_2021_indigenous_state_sa1.232,10104102710,222,213,6,1
census_2021_indigenous_state_sa1.75,10104101804,203,171,5,0
census_2021_indigenous_state_sa1.76,10104101805,273,255,3,0
census_2021_indigenous_state_sa1.264,10901117218,264,246,6,0
census_2021_indigenous_state_sa1.1375,21105127616,504,489,10,0
census_2021_indigenous_state_sa1.74,10104101803,375,343,19,0
census_2021_indigenous_state_sa1.78,10104101807,498,409,43,0
census_2021_indigenous_state_sa1.79,10104101808,494,401,53,0
census_2021_indigenous_state_sa1.87,10104101816,406,342,16,0
census_2021_indigenous_state_sa1.253,10901117205,440,430,7,0
census_2021_indigenous_state_sa1.80,10104101809,320,235,3,0
census_2021_indigenous_state_sa1.81,10104101810,329,295,11,0
census_2021_indigenous_state_sa1.82,10104101811,522,487,22,0
census_2021_indigenous_state_sa1.85,10104101814,257,236,5,0
census_2021_indigenous_state_sa1.86,10104101815,410,381,14,0
census_2021_indigenous_state_sa1.92,10104101821,210,183,6,0
census_2021_indigenous_state_sa1.88,10104101817,709,639,23,0
census_2021_indigenous_state_sa1.89,10104101818,496,423,55,0
census_2021_indigenous_state_sa1.90,10104101819,521,443,39,0
census_2021_indigenous_state_sa1.91,10104101820,303,244,39,0
census_2021_indigenous_state_sa1.94,10104101823,436,385,32,0
census_2021_indigenous_state_sa1.97,10104101902,465,408,25,0
census_2021_indigenous_state_sa1.98,10104101903,270,234,17,0
census_2021_indigenous_state_sa1.99,10104101904,434,372,27,0
census_2021_indigenous_state_sa1.100,10104101905,413,285,73,0
census_2021_indigenous_state_sa1.101,10104101906,537,466,36,0
census_2021_indigenous_state_sa1.102,10104101907,343,300,31,0
census_2021_indigenous_state_sa1.265,10901117219,370,351,0,0
census_2021_indigenous_state_sa1.95,10104101824,0,0,0,0
census_2021_indigenous_state_sa1.96,10104101901,510,367,36,0
census_2021_indigenous_state_sa1.103,10104101911,394,369,5,0
census_2021_indigenous_state_sa1.104,10104101912,356,345,3,0
census_2021_indigenous_state_sa1.266,10901117220,631,594,21,0
census_2021_indigenous_state_sa1.107,10104101917,831,772,23,0
census_2021_indigenous_state_sa1.173,10104102503,368,321,4,0
census_2021_indigenous_state_sa1.254,10901117207,402,381,6,0
census_2021_indigenous_state_sa1.106,10104101915,219,188,6,0
census_2021_indigenous_state_sa1.108,10104101918,288,272,3,0
census_2021_indigenous_state_sa1.110,10104101920,293,264,3,0
census_2021_indigenous_state_sa1.111,10104101921,377,347,15,0
census_2021_indigenous_state_sa1.124,10104102013,150,138,4,0
census_2021_indigenous_state_sa1.112,10104102001,476,409,20,0
census_2021_indigenous_state_sa1.136,10104102025,389,336,14,0
census_2021_indigenous_state_sa1.138,10104102027,264,225,6,0
census_2021_indigenous_state_sa1.139,10104102028,510,443,14,0
census_2021_indigenous_state_sa1.174,10104102504,365,321,13,0
census_2021_indigenous_state_sa1.267,10901117222,459,445,3,0
census_2021_indigenous_state_sa1.140,10104102029,342,314,13,1
census_2021_indigenous_state_sa1.113,10104102002,552,512,15,0
census_2021_indigenous_state_sa1.114,10104102003,462,416,26,0
census_2021_indigenous_state_sa1.141,10104102030,417,364,28,0
census_2021_indigenous_state_sa1.370,10901117612,386,324,21,0
census_2021_indigenous_state_sa1.338,10901117508,584,545,9,0
census_2021_indigenous_state_sa1.115,10104102004,373,328,14,0
census_2021_indigenous_state_sa1.298,10901117323,590,559,18,0
census_2021_indigenous_state_sa1.132,10104102021,0,0,0,0
census_2021_indigenous_state_sa1.133,10104102022,322,289,19,0
census_2021_indigenous_state_sa1.345,10901117516,398,353,5,0
census_2021_indigenous_state_sa1.268,10901117224,443,339,49,0
census_2021_indigenous_state_sa1.142,10104102031,206,193,4,0
census_2021_indigenous_state_sa1.143,10104102032,244,214,12,0
census_2021_indigenous_state_sa1.144,10104102102,220,196,16,0
census_2021_indigenous_state_sa1.350,10901117521,269,230,5,0
census_2021_indigenous_state_sa1.351,10901117525,365,331,11,0
census_2021_indigenous_state_sa1.145,10104102104,756,695,16,0
census_2021_indigenous_state_sa1.490,20401105511,369,332,6,0
census_2021_indigenous_state_sa1.1307,20505110134,327,305,10,0
census_2021_indigenous_state_sa1.1308,20505110136,372,321,6,0
census_2021_indigenous_state_sa1.1309,20505110201,334,306,0,0
census_2021_indigenous_state_sa1.1310,20505110202,531,470,16,0
census_2021_indigenous_state_sa1.147,10104102106,638,578,20,0
census_2021_indigenous_state_sa1.168,10104102408,281,200,51,0
census_2021_indigenous_state_sa1.169,10104102409,285,240,21,0
census_2021_indigenous_state_sa1.170,10104102410,207,162,10,0
census_2021_indigenous_state_sa1.148,10104102107,608,559,34,0
census_2021_indigenous_state_sa1.288,10901117313,271,244,7,0
census_2021_indigenous_state_sa1.149,10104102108,464,413,9,0
census_2021_indigenous_state_sa1.151,10104102301,368,329,14,0
census_2021_indigenous_state_sa1.371,10901117613,498,441,26,0
census_2021_indigenous_state_sa1.396,10903118002,151,130,0,0
census_2021_indigenous_state_sa1.153,10104102303,418,379,17,0
census_2021_indigenous_state_sa1.155,10104102305,479,391,31,0
census_2021_indigenous_state_sa1.156,10104102306,330,283,32,0
census_2021_indigenous_state_sa1.157,10104102307,329,261,30,0
census_2021_indigenous_state_sa1.158,10104102308,573,388,111,0
census_2021_indigenous_state_sa1.171,10104102501,0,0,0,0
census_2021_indigenous_state_sa1.154,10104102304,195,165,9,1
census_2021_indigenous_state_sa1.501,20401105703,666,614,12,1
census_2021_indigenous_state_sa1.160,10104102310,0,0,0,0
census_2021_indigenous_state_sa1.163,10104102403,249,156,68,0
census_2021_indigenous_state_sa1.167,10104102407,316,290,14,0
census_2021_indigenous_state_sa1.172,10104102502,329,311,4,0
census_2021_indigenous_state_sa1.1321,20505110301,531,503,8,0
census_2021_indigenous_state_sa1.166,10104102406,263,239,0,1
census_2021_indigenous_state_sa1.175,10104102505,292,271,9,0
census_2021_indigenous_state_sa1.183,10104102513,469,439,13,0
census_2021_indigenous_state_sa1.184,10104102514,236,209,18,0
census_2021_indigenous_state_sa1.176,10104102506,319,293,5,0
census_2021_indigenous_state_sa1.178,10104102508,610,590,5,0
census_2021_indigenous_state_sa1.426,10903118114,460,433,6,0
census_2021_indigenous_state_sa1.180,10104102510,442,408,6,0
census_2021_indigenous_state_sa1.186,10104102517,301,288,4,0
census_2021_indigenous_state_sa1.187,10104102518,614,585,9,0
census_2021_indigenous_state_sa1.188,10104102519,243,196,3,0
census_2021_indigenous_state_sa1.189,10104102520,580,529,20,0
census_2021_indigenous_state_sa1.429,10903118117,339,313,0,0
census_2021_indigenous_state_sa1.727,20403107212,266,248,8,0
census_2021_indigenous_state_sa1.181,10104102511,410,388,17,0
census_2021_indigenous_state_sa1.182,10104102512,505,461,18,0
census_2021_indigenous_state_sa1.259,10901117213,322,291,23,0
census_2021_indigenous_state_sa1.439,10903118507,278,255,8,0
census_2021_indigenous_state_sa1.440,10903118508,222,203,3,0
census_2021_indigenous_state_sa1.507,20401105710,331,303,8,0
census_2021_indigenous_state_sa1.190,10104102521,340,302,3,0
census_2021_indigenous_state_sa1.191,10104102522,370,336,4,0
census_2021_indigenous_state_sa1.193,10104102524,321,307,3,0
census_2021_indigenous_state_sa1.260,10901117214,565,527,4,0
census_2021_indigenous_state_sa1.195,10104102526,675,647,19,0
census_2021_indigenous_state_sa1.196,10104102527,557,513,17,0
census_2021_indigenous_state_sa1.1313,20505110205,316,276,14,0
census_2021_indigenous_state_sa1.443,10903118512,278,256,0,0
census_2021_indigenous_state_sa1.199,10104102530,358,337,6,0
census_2021_indigenous_state_sa1.197,10104102528,575,541,14,0
census_2021_indigenous_state_sa1.1324,20505110304,389,311,22,0
census_2021_indigenous_state_sa1.1325,20505110305,458,421,3,0
census_2021_indigenous_state_sa1.1316,20505110208,280,222,0,0
census_2021_indigenous_state_sa1.451,11302126005,373,337,14,0
census_2021_indigenous_state_sa1.198,10104102529,361,321,14,0
census_2021_indigenous_state_sa1.207,10104102607,436,401,14,0
census_2021_indigenous_state_sa1.261,10901117215,273,255,14,0
census_2021_indigenous_state_sa1.201,10104102532,401,370,11,0
census_2021_indigenous_state_sa1.453,11302126007,360,294,23,0
census_2021_indigenous_state_sa1.454,11302126009,267,240,13,0
census_2021_indigenous_state_sa1.455,11302126011,19,18,0,0
census_2021_indigenous_state_sa1.202,10104102601,538,484,19,0
census_2021_indigenous_state_sa1.208,10104102608,389,339,26,0
census_2021_indigenous_state_sa1.209,10104102609,419,347,34,0
census_2021_indigenous_state_sa1.221,10104102622,284,256,24,0
census_2021_indigenous_state_sa1.465,20401105405,5,5,0,1
census_2021_indigenous_state_sa1.466,20401105406,595,554,7,1
census_2021_indigenous_state_sa1.467,20401105407,280,263,0,0
census_2021_indigenous_state_sa1.204,10104102604,313,287,7,0
census_2021_indigenous_state_sa1.1322,20505110302,173,168,0,0
census_2021_indigenous_state_sa1.205,10104102605,543,499,20,0
census_2021_indigenous_state_sa1.210,10104102610,250,165,41,0
census_2021_indigenous_state_sa1.211,10104102611,187,178,4,0
census_2021_indigenous_state_sa1.477,20401105417,586,540,5,1
census_2021_indigenous_state_sa1.470,20401105410,411,397,3,0
census_2021_indigenous_state_sa1.473,20401105413,293,263,0,0
census_2021_indigenous_state_sa1.218,10104102619,329,326,5,0
census_2021_indigenous_state_sa1.219,10104102620,306,261,28,0
census_2021_indigenous_state_sa1.1323,20505110303,642,623,5,0
census_2021_indigenous_state_sa1.1326,20505110306,255,241,5,0
census_2021_indigenous_state_sa1.214,10104102615,429,394,19,0
census_2021_indigenous_state_sa1.220,10104102621,393,282,45,0
census_2021_indigenous_state_sa1.262,10901117216,295,278,4,0
census_2021_indigenous_state_sa1.1327,20505110307,434,419,4,0
census_2021_indigenous_state_sa1.493,20401105515,460,420,6,0
census_2021_indigenous_state_sa1.593,20402106626,289,242,15,0
census_2021_indigenous_state_sa1.222,10104102623,296,254,13,0
census_2021_indigenous_state_sa1.223,10104102701,266,237,16,0
census_2021_indigenous_state_sa1.224,10104102702,342,304,35,0
census_2021_indigenous_state_sa1.239,10104102719,478,391,11,0
census_2021_indigenous_state_sa1.240,10104102720,341,311,3,0
census_2021_indigenous_state_sa1.514,20401105717,457,399,6,0
census_2021_indigenous_state_sa1.241,10104102721,651,602,12,0
census_2021_indigenous_state_sa1.242,10104102722,105,15,83,0
census_2021_indigenous_state_sa1.243,10104102723,292,254,13,0
census_2021_indigenous_state_sa1.508,20401105711,316,272,3,0
census_2021_indigenous_state_sa1.226,10104102704,282,251,16,0
census_2021_indigenous_state_sa1.227,10104102705,446,393,18,0
census_2021_indigenous_state_sa1.229,10104102707,558,455,44,0
census_2021_indigenous_state_sa1.249,10901117201,416,384,22,0
census_2021_indigenous_state_sa1.509,20401105712,265,243,0,0
census_2021_indigenous_state_sa1.1318,20505110210,432,377,0,0
census_2021_indigenous_state_sa1.520,20401106101,238,186,8,1
census_2021_indigenous_state_sa1.521,20401106209,323,286,8,1
census_2021_indigenous_state_sa1.228,10104102706,556,498,12,0
census_2021_indigenous_state_sa1.510,20401105713,647,626,3,0
census_2021_indigenous_state_sa1.230,10104102708,393,357,16,0
census_2021_indigenous_state_sa1.236,10104102714,0,0,0,0
census_2021_indigenous_state_sa1.237,10104102715,25,23,0,0
census_2021_indigenous_state_sa1.238,10104102716,0,0,0,0
census_2021_indigenous_state_sa1.255,10901117208,478,465,8,0
census_2021_indigenous_state_sa1.244,10104102724,431,386,32,0
census_2021_indigenous_state_sa1.250,10901117202,485,454,14,0
census_2021_indigenous_state_sa1.251,10901117203,416,397,13,0
census_2021_indigenous_state_sa1.245,10104102725,326,300,16,0
census_2021_indigenous_state_sa1.246,10104102726,271,254,0,0
census_2021_indigenous_state_sa1.1319,20505110211,282,252,5,0
census_2021_indigenous_state_sa1.1320,20505110212,352,311,9,0
census_2021_indigenous_state_sa1.1328,20505110308,406,394,4,0
census_2021_indigenous_state_sa1.549,20402106328,311,297,5,0
census_2021_indigenous_state_sa1.247,10104102728,313,282,15,0
census_2021_indigenous_state_sa1.248,10104102729,604,505,60,0
census_2021_indigenous_state_sa1.263,10901117217,573,546,16,0
census_2021_indigenous_state_sa1.256,10901117209,363,335,11,0
census_2021_indigenous_state_sa1.561,20402106502,350,310,14,0
census_2021_indigenous_state_sa1.257,10901117210,409,364,34,0
census_2021_indigenous_state_sa1.258,10901117211,366,330,15,0
census_2021_indigenous_state_sa1.269,10901117225,157,149,7,0
census_2021_indigenous_state_sa1.277,10901117302,255,243,9,0
census_2021_indigenous_state_sa1.270,10901117226,164,150,0,0
census_2021_indigenous_state_sa1.271,10901117229,584,528,15,0
census_2021_indigenous_state_sa1.289,10901117314,362,331,6,0
census_2021_indigenous_state_sa1.278,10901117303,242,213,17,0
census_2021_indigenous_state_sa1.575,20402106608,677,652,0,0
census_2021_indigenous_state_sa1.272,10901117230,5,5,0,0
census_2021_indigenous_state_sa1.273,10901117231,140,131,7,0
census_2021_indigenous_state_sa1.274,10901117234,293,274,9,0
census_2021_indigenous_state_sa1.275,10901117235,263,242,9,0
census_2021_indigenous_state_sa1.276,10901117301,113,105,0,0
census_2021_indigenous_state_sa1.287,10901117312,469,393,23,0
census_2021_indigenous_state_sa1.292,10901117317,270,261,6,0
census_2021_indigenous_state_sa1.293,10901117318,437,405,8,0
census_2021_indigenous_state_sa1.294,10901117319,411,343,15,0
census_2021_indigenous_state_sa1.295,10901117320,391,360,9,0
census_2021_indigenous_state_sa1.296,10901117321,476,442,17,0
census_2021_indigenous_state_sa1.297,10901117322,525,495,8,0
census_2021_indigenous_state_sa1.299,10901117324,758,690,37,0
census_2021_indigenous_state_sa1.300,10901117325,286,267,4,0
census_2021_indigenous_state_sa1.301,10901117326,382,343,3,0
census_2021_indigenous_state_sa1.302,10901117401,356,330,5,0
census_2021_indigenous_state_sa1.303,10901117402,529,502,3,0
census_2021_indigenous_state_sa1.304,10901117403,494,457,19,0
census_2021_indigenous_state_sa1.305,10901117404,452,412,6,0
census_2021_indigenous_state_sa1.306,10901117405,543,512,12,0
census_2021_indigenous_state_sa1.884,20501107931,423,393,3,0
census_2021_indigenous_state_sa1.307,10901117406,526,507,14,0
census_2021_indigenous_state_sa1.308,10901117407,519,461,22,0
census_2021_indigenous_state_sa1.309,10901117408,364,334,13,0
census_2021_indigenous_state_sa1.310,10901117409,486,428,17,0
census_2021_indigenous_state_sa1.311,10901117410,638,410,132,0
census_2021_indigenous_state_sa1.312,10901117411,363,349,6,0
census_2021_indigenous_state_sa1.313,10901117412,246,224,3,0
census_2021_indigenous_state_sa1.314,10901117413,394,363,10,0
census_2021_indigenous_state_sa1.315,10901117414,481,452,5,0
census_2021_indigenous_state_sa1.316,10901117415,460,432,3,0
census_2021_indigenous_state_sa1.317,10901117416,447,433,0,0
census_2021_indigenous_state_sa1.318,10901117417,355,304,3,0
census_2021_indigenous_state_sa1.319,10901117418,466,451,11,0
census_2021_indigenous_state_sa1.320,10901117419,30,30,0,0
census_2021_indigenous_state_sa1.321,10901117420,0,0,0,0
census_2021_indigenous_state_sa1.322,10901117421,6,4,0,0
census_2021_indigenous_state_sa1.323,10901117422,4,7,0,0
census_2021_indigenous_state_sa1.324,10901117423,390,379,0,0
census_2021_indigenous_state_sa1.325,10901117424,246,231,8,0
census_2021_indigenous_state_sa1.326,10901117425,310,295,9,0
census_2021_indigenous_state_sa1.327,10901117426,500,434,22,0
census_2021_indigenous_state_sa1.328,10901117427,227,208,7,0
census_2021_indigenous_state_sa1.330,10901117429,312,278,9,0
census_2021_indigenous_state_sa1.335,10901117505,455,405,13,0
census_2021_indigenous_state_sa1.339,10901117509,405,360,16,0
census_2021_indigenous_state_sa1.372,10901117614,377,339,20,0
census_2021_indigenous_state_sa1.331,10901117501,513,469,9,0
census_2021_indigenous_state_sa1.332,10901117502,296,271,12,0
census_2021_indigenous_state_sa1.334,10901117504,775,688,31,0
census_2021_indigenous_state_sa1.361,10901117603,342,320,4,0
census_2021_indigenous_state_sa1.333,10901117503,554,522,11,0
census_2021_indigenous_state_sa1.362,10901117604,486,443,11,0
census_2021_indigenous_state_sa1.336,10901117506,457,442,4,0
census_2021_indigenous_state_sa1.337,10901117507,506,463,10,0
census_2021_indigenous_state_sa1.363,10901117605,497,422,29,0
census_2021_indigenous_state_sa1.620,20402106703,598,536,6,0
census_2021_indigenous_state_sa1.340,10901117511,390,333,12,0
census_2021_indigenous_state_sa1.342,10901117513,390,349,13,0
census_2021_indigenous_state_sa1.343,10901117514,559,485,25,0
census_2021_indigenous_state_sa1.364,10901117606,320,286,19,0
census_2021_indigenous_state_sa1.365,10901117607,811,724,48,0
census_2021_indigenous_state_sa1.366,10901117608,314,271,16,0
census_2021_indigenous_state_sa1.367,10901117609,402,354,17,0
census_2021_indigenous_state_sa1.911,20502108118,316,283,22,0
census_2021_indigenous_state_sa1.344,10901117515,218,158,5,0
census_2021_indigenous_state_sa1.346,10901117517,421,358,4,0
census_2021_indigenous_state_sa1.347,10901117518,236,213,8,0
census_2021_indigenous_state_sa1.348,10901117519,297,249,19,0
census_2021_indigenous_state_sa1.631,20402106714,251,249,0,0
census_2021_indigenous_state_sa1.636,20402106719,347,289,7,0
census_2021_indigenous_state_sa1.349,10901117520,217,193,6,0
census_2021_indigenous_state_sa1.353,10901117530,4,4,0,0
census_2021_indigenous_state_sa1.354,10901117531,321,299,9,0
census_2021_indigenous_state_sa1.355,10901117532,156,133,4,0
census_2021_indigenous_state_sa1.356,10901117533,230,227,0,0
census_2021_indigenous_state_sa1.357,10901117534,125,103,0,0
census_2021_indigenous_state_sa1.358,10901117535,215,183,11,0
census_2021_indigenous_state_sa1.359,10901117601,722,597,51,0
census_2021_indigenous_state_sa1.360,10901117602,287,260,19,0
census_2021_indigenous_state_sa1.638,20402106721,368,351,4,0
census_2021_indigenous_state_sa1.640,20402106723,377,347,11,0
census_2021_indigenous_state_sa1.373,10901117615,433,385,32,0
census_2021_indigenous_state_sa1.374,10901117616,336,255,43,0
census_2021_indigenous_state_sa1.375,10901117617,326,293,22,0
census_2021_indigenous_state_sa1.376,10901117618,268,248,14,0
census_2021_indigenous_state_sa1.377,10901117619,256,244,0,0
census_2021_indigenous_state_sa1.378,10901117620,531,416,90,0
census_2021_indigenous_state_sa1.379,10901117621,403,360,15,0
census_2021_indigenous_state_sa1.384,10901117626,13,13,0,0
census_2021_indigenous_state_sa1.385,10901117627,393,357,16,0
census_2021_indigenous_state_sa1.645,20402106728,267,249,0,1
census_2021_indigenous_state_sa1.646,20402106729,450,415,0,0
census_2021_indigenous_state_sa1.380,10901117622,477,437,16,0
census_2021_indigenous_state_sa1.381,10901117623,265,239,10,0
census_2021_indigenous_state_sa1.382,10901117624,391,363,9,0
census_2021_indigenous_state_sa1.1475,21602141410,81,72,4,0
census_2021_indigenous_state_sa1.648,20402106731,215,197,3,1
census_2021_indigenous_state_sa1.383,10901117625,904,864,16,0
census_2021_indigenous_state_sa1.386,10901117628,453,429,0,0
census_2021_indigenous_state_sa1.387,10901117629,286,261,5,0
census_2021_indigenous_state_sa1.672,20403106912,203,158,0,1
census_2021_indigenous_state_sa1.673,20403106913,139,115,4,1
census_2021_indigenous_state_sa1.388,10901117630,621,563,24,0
census_2021_indigenous_state_sa1.389,10901117631,366,312,27,0
census_2021_indigenous_state_sa1.390,10901117632,351,315,13,0
census_2021_indigenous_state_sa1.391,10901117633,545,489,33,0
census_2021_indigenous_state_sa1.392,10901117634,748,688,29,0
census_2021_indigenous_state_sa1.393,10901117635,198,185,9,0
census_2021_indigenous_state_sa1.394,10901117636,592,540,10,0
census_2021_indigenous_state_sa1.395,10903118001,212,199,3,0
census_2021_indigenous_state_sa1.397,10903118003,479,440,13,0
census_2021_indigenous_state_sa1.398,10903118004,370,352,3,0
census_2021_indigenous_state_sa1.399,10903118005,301,266,15,0
census_2021_indigenous_state_sa1.400,10903118006,308,291,3,0
census_2021_indigenous_state_sa1.1078,20503109004,378,343,6,0
census_2021_indigenous_state_sa1.401,10903118007,401,386,4,0
census_2021_indigenous_state_sa1.402,10903118008,264,248,4,0
census_2021_indigenous_state_sa1.403,10903118009,163,152,5,0
census_2021_indigenous_state_sa1.404,10903118010,206,192,4,0
census_2021_indigenous_state_sa1.405,10903118011,430,402,21,0
census_2021_indigenous_state_sa1.406,10903118012,440,413,7,0
census_2021_indigenous_state_sa1.407,10903118013,691,627,39,0
census_2021_indigenous_state_sa1.408,10903118014,4,4,0,0
census_2021_indigenous_state_sa1.409,10903118015,4,4,0,0
census_2021_indigenous_state_sa1.410,10903118016,7,7,0,0
census_2021_indigenous_state_sa1.511,20401105714,899,860,0,0
census_2021_indigenous_state_sa1.411,10903118017,293,260,0,0
census_2021_indigenous_state_sa1.412,10903118018,195,174,6,0
census_2021_indigenous_state_sa1.1476,21602141411,783,744,10,0
census_2021_indigenous_state_sa1.413,10903118019,89,81,0,0
census_2021_indigenous_state_sa1.414,10903118020,381,342,10,0
census_2021_indigenous_state_sa1.415,10903118021,217,191,4,0
census_2021_indigenous_state_sa1.416,10903118101,350,334,5,0
census_2021_indigenous_state_sa1.721,20403107206,365,332,10,0
census_2021_indigenous_state_sa1.417,10903118102,815,747,18,0
census_2021_indigenous_state_sa1.419,10903118104,303,241,0,0
census_2021_indigenous_state_sa1.420,10903118105,176,142,3,0
census_2021_indigenous_state_sa1.423,10903118108,446,394,14,0
census_2021_indigenous_state_sa1.424,10903118109,409,384,6,0
census_2021_indigenous_state_sa1.722,20403107207,321,303,9,0
census_2021_indigenous_state_sa1.723,20403107208,372,357,7,0
census_2021_indigenous_state_sa1.1477,21602141413,446,428,0,0
census_2021_indigenous_state_sa1.675,20403106915,354,332,4,1
census_2021_indigenous_state_sa1.421,10903118106,356,299,4,0
census_2021_indigenous_state_sa1.422,10903118107,0,0,0,0
census_2021_indigenous_state_sa1.425,10903118113,464,420,15,0
census_2021_indigenous_state_sa1.726,20403107211,374,349,0,0
census_2021_indigenous_state_sa1.427,10903118115,329,303,7,0
census_2021_indigenous_state_sa1.428,10903118116,553,501,21,0
census_2021_indigenous_state_sa1.430,10903118118,413,376,5,0
census_2021_indigenous_state_sa1.431,10903118119,441,380,6,0
census_2021_indigenous_state_sa1.432,10903118120,374,338,4,0
census_2021_indigenous_state_sa1.724,20403107209,171,161,7,1
census_2021_indigenous_state_sa1.434,10903118502,563,536,9,0
census_2021_indigenous_state_sa1.435,10903118503,658,605,10,0
census_2021_indigenous_state_sa1.436,10903118504,459,399,13,0
census_2021_indigenous_state_sa1.437,10903118505,771,666,21,0
census_2021_indigenous_state_sa1.438,10903118506,416,330,12,0
census_2021_indigenous_state_sa1.1226,20504109617,302,249,8,0
census_2021_indigenous_state_sa1.696,20403107005,514,480,11,0
census_2021_indigenous_state_sa1.441,10903118510,341,296,13,0
census_2021_indigenous_state_sa1.563,20402106504,443,411,8,0
census_2021_indigenous_state_sa1.442,10903118511,161,157,0,0
census_2021_indigenous_state_sa1.444,10903118521,262,250,8,0
census_2021_indigenous_state_sa1.445,10903118522,271,265,0,0
census_2021_indigenous_state_sa1.446,10903118527,554,498,26,0
census_2021_indigenous_state_sa1.447,11302126001,450,378,45,0
census_2021_indigenous_state_sa1.448,11302126002,525,469,29,0
census_2021_indigenous_state_sa1.449,11302126003,291,246,25,0
census_2021_indigenous_state_sa1.450,11302126004,246,222,11,0
census_2021_indigenous_state_sa1.452,11302126006,200,161,26,0
census_2021_indigenous_state_sa1.458,11302126014,242,217,21,0
census_2021_indigenous_state_sa1.565,20402106508,340,326,6,0
census_2021_indigenous_state_sa1.461,20401105401,453,406,12,0
census_2021_indigenous_state_sa1.462,20401105402,243,216,0,0
census_2021_indigenous_state_sa1.464,20401105404,307,295,0,0
census_2021_indigenous_state_sa1.566,20402106509,313,300,9,0
census_2021_indigenous_state_sa1.567,20402106510,453,427,8,0
census_2021_indigenous_state_sa1.468,20401105408,405,373,3,0
census_2021_indigenous_state_sa1.478,20401105418,259,239,5,0
census_2021_indigenous_state_sa1.1126,20503109332,525,482,17,0
census_2021_indigenous_state_sa1.469,20401105409,354,320,5,0
census_2021_indigenous_state_sa1.472,20401105412,299,274,5,0
census_2021_indigenous_state_sa1.474,20401105414,343,313,6,0
census_2021_indigenous_state_sa1.475,20401105415,440,417,12,0
census_2021_indigenous_state_sa1.476,20401105416,379,350,8,0
census_2021_indigenous_state_sa1.734,20403107219,413,322,13,1
census_2021_indigenous_state_sa1.735,20403107220,238,218,4,1
census_2021_indigenous_state_sa1.479,20401105419,460,425,13,0
census_2021_indigenous_state_sa1.480,20401105501,555,487,13,0
census_2021_indigenous_state_sa1.481,20401105502,330,300,11,0
census_2021_indigenous_state_sa1.482,20401105503,271,259,0,0
census_2021_indigenous_state_sa1.483,20401105504,259,239,3,0
census_2021_indigenous_state_sa1.484,20401105505,244,207,11,0
census_2021_indigenous_state_sa1.485,20401105506,474,433,8,0
census_2021_indigenous_state_sa1.486,20401105507,271,241,8,0
census_2021_indigenous_state_sa1.487,20401105508,421,401,0,0
census_2021_indigenous_state_sa1.488,20401105509,404,362,11,0
census_2021_indigenous_state_sa1.489,20401105510,235,207,15,0
census_2021_indigenous_state_sa1.492,20401105513,429,353,13,0
census_2021_indigenous_state_sa1.494,20401105516,484,414,5,0
census_2021_indigenous_state_sa1.512,20401105715,234,202,0,0
census_2021_indigenous_state_sa1.495,20401105517,165,151,0,0
census_2021_indigenous_state_sa1.496,20401105519,387,322,4,0
census_2021_indigenous_state_sa1.497,20401105520,0,0,0,0
census_2021_indigenous_state_sa1.515,20401105718,287,259,5,0
census_2021_indigenous_state_sa1.516,20401105719,894,826,12,0
census_2021_indigenous_state_sa1.568,20402106511,292,267,5,0
census_2021_indigenous_state_sa1.500,20401105702,371,328,4,0
census_2021_indigenous_state_sa1.519,20401105722,363,334,9,0
census_2021_indigenous_state_sa1.523,20402106302,445,372,8,0
census_2021_indigenous_state_sa1.524,20402106303,234,205,4,0
census_2021_indigenous_state_sa1.525,20402106304,551,400,57,0
census_2021_indigenous_state_sa1.526,20402106305,182,148,4,0
census_2021_indigenous_state_sa1.527,20402106306,517,473,12,0
census_2021_indigenous_state_sa1.528,20402106307,632,583,8,0
census_2021_indigenous_state_sa1.529,20402106308,465,413,12,0
census_2021_indigenous_state_sa1.539,20402106318,371,334,3,0
census_2021_indigenous_state_sa1.540,20402106319,430,392,8,0
census_2021_indigenous_state_sa1.530,20402106309,353,345,0,0
census_2021_indigenous_state_sa1.531,20402106310,283,269,0,0
census_2021_indigenous_state_sa1.533,20402106312,452,430,6,0
census_2021_indigenous_state_sa1.534,20402106313,356,326,8,0
census_2021_indigenous_state_sa1.535,20402106314,344,310,11,0
census_2021_indigenous_state_sa1.536,20402106315,231,201,0,0
census_2021_indigenous_state_sa1.537,20402106316,0,0,0,0
census_2021_indigenous_state_sa1.538,20402106317,327,300,0,0
census_2021_indigenous_state_sa1.1478,21602141415,307,277,12,0
census_2021_indigenous_state_sa1.543,20402106322,399,362,0,0
census_2021_indigenous_state_sa1.544,20402106323,316,278,0,0
census_2021_indigenous_state_sa1.545,20402106324,389,364,4,0
census_2021_indigenous_state_sa1.546,20402106325,389,358,7,0
census_2021_indigenous_state_sa1.547,20402106326,528,494,3,0
census_2021_indigenous_state_sa1.548,20402106327,576,550,11,0
census_2021_indigenous_state_sa1.550,20402106329,323,288,8,0
census_2021_indigenous_state_sa1.559,20402106409,177,162,6,0
census_2021_indigenous_state_sa1.551,20402106401,312,260,9,0
census_2021_indigenous_state_sa1.772,20403107339,435,419,3,1
census_2021_indigenous_state_sa1.570,20402106602,820,798,11,0
census_2021_indigenous_state_sa1.571,20402106603,566,517,7,0
census_2021_indigenous_state_sa1.572,20402106604,355,317,6,0
census_2021_indigenous_state_sa1.573,20402106605,373,316,27,0
census_2021_indigenous_state_sa1.574,20402106607,381,362,11,0
census_2021_indigenous_state_sa1.576,20402106609,400,374,3,0
census_2021_indigenous_state_sa1.577,20402106610,257,247,3,0
census_2021_indigenous_state_sa1.578,20402106611,488,453,6,0
census_2021_indigenous_state_sa1.579,20402106612,458,370,36,0
census_2021_indigenous_state_sa1.580,20402106613,379,371,0,0
census_2021_indigenous_state_sa1.581,20402106614,357,345,6,0
census_2021_indigenous_state_sa1.582,20402106615,603,581,13,0
census_2021_indigenous_state_sa1.583,20402106616,469,435,11,0
census_2021_indigenous_state_sa1.584,20402106617,650,627,6,0
census_2021_indigenous_state_sa1.591,20402106624,261,239,4,0
census_2021_indigenous_state_sa1.592,20402106625,366,342,8,0
census_2021_indigenous_state_sa1.585,20402106618,437,420,3,0
census_2021_indigenous_state_sa1.586,20402106619,461,385,20,0
census_2021_indigenous_state_sa1.587,20402106620,441,418,6,0
census_2021_indigenous_state_sa1.588,20402106621,306,283,10,0
census_2021_indigenous_state_sa1.589,20402106622,334,306,4,0
census_2021_indigenous_state_sa1.594,20402106627,324,308,7,0
census_2021_indigenous_state_sa1.595,20402106628,276,259,3,0
census_2021_indigenous_state_sa1.596,20402106629,471,451,10,0
census_2021_indigenous_state_sa1.597,20402106630,510,462,9,0
census_2021_indigenous_state_sa1.598,20402106631,372,327,24,0
census_2021_indigenous_state_sa1.599,20402106632,779,742,16,0
census_2021_indigenous_state_sa1.641,20402106724,355,325,3,0
census_2021_indigenous_state_sa1.600,20402106633,133,129,0,0
census_2021_indigenous_state_sa1.601,20402106634,401,386,0,0
census_2021_indigenous_state_sa1.602,20402106635,372,360,6,0
census_2021_indigenous_state_sa1.642,20402106725,330,321,6,0
census_2021_indigenous_state_sa1.775,20403107503,310,287,3,0
census_2021_indigenous_state_sa1.830,20501107719,491,457,0,1
census_2021_indigenous_state_sa1.797,20501107622,271,255,7,0
census_2021_indigenous_state_sa1.603,20402106636,398,348,14,0
census_2021_indigenous_state_sa1.604,20402106637,355,309,16,0
census_2021_indigenous_state_sa1.605,20402106638,200,192,7,0
census_2021_indigenous_state_sa1.606,20402106639,27,24,0,0
census_2021_indigenous_state_sa1.1142,20504109402,367,337,4,0
census_2021_indigenous_state_sa1.728,20403107213,546,487,10,0
census_2021_indigenous_state_sa1.607,20402106641,300,261,15,0
census_2021_indigenous_state_sa1.608,20402106642,516,497,11,0
census_2021_indigenous_state_sa1.609,20402106643,201,188,5,0
census_2021_indigenous_state_sa1.615,20402106649,1121,1014,7,0
census_2021_indigenous_state_sa1.610,20402106644,211,197,0,0
census_2021_indigenous_state_sa1.611,20402106645,345,324,4,0
census_2021_indigenous_state_sa1.612,20402106646,510,478,16,0
census_2021_indigenous_state_sa1.613,20402106647,235,218,6,0
census_2021_indigenous_state_sa1.614,20402106648,212,200,7,0
census_2021_indigenous_state_sa1.787,20501107604,676,619,28,0
census_2021_indigenous_state_sa1.616,20402106650,602,555,21,0
census_2021_indigenous_state_sa1.617,20402106651,29,27,0,0
census_2021_indigenous_state_sa1.618,20402106701,349,323,9,0
census_2021_indigenous_state_sa1.1479,21602141416,294,283,0,0
census_2021_indigenous_state_sa1.825,20501107714,515,445,5,0
census_2021_indigenous_state_sa1.619,20402106702,273,255,6,0
census_2021_indigenous_state_sa1.624,20402106707,289,279,0,0
census_2021_indigenous_state_sa1.627,20402106710,208,178,5,0
census_2021_indigenous_state_sa1.632,20402106715,285,262,10,0
census_2021_indigenous_state_sa1.633,20402106716,230,212,3,0
census_2021_indigenous_state_sa1.634,20402106717,418,399,0,0
census_2021_indigenous_state_sa1.635,20402106718,255,234,0,0
census_2021_indigenous_state_sa1.1486,21603141807,260,240,0,0
census_2021_indigenous_state_sa1.1487,21603141809,501,454,11,0
census_2021_indigenous_state_sa1.626,20402106709,260,244,4,1
census_2021_indigenous_state_sa1.628,20402106711,228,203,8,0
census_2021_indigenous_state_sa1.629,20402106712,270,264,6,0
census_2021_indigenous_state_sa1.630,20402106713,503,465,3,0
census_2021_indigenous_state_sa1.643,20402106726,247,227,0,0
census_2021_indigenous_state_sa1.1116,20503109319,591,552,15,0
census_2021_indigenous_state_sa1.637,20402106720,369,321,9,0
census_2021_indigenous_state_sa1.639,20402106722,353,335,4,0
census_2021_indigenous_state_sa1.832,20501107721,371,353,0,0
census_2021_indigenous_state_sa1.833,20501107722,241,209,0,0
census_2021_indigenous_state_sa1.644,20402106727,288,268,0,0
census_2021_indigenous_state_sa1.656,20403106808,484,457,3,0
census_2021_indigenous_state_sa1.657,20403106809,529,488,6,0
census_2021_indigenous_state_sa1.664,20403106904,369,339,0,0
census_2021_indigenous_state_sa1.650,20403106802,516,475,6,0
census_2021_indigenous_state_sa1.665,20403106905,327,306,3,0
census_2021_indigenous_state_sa1.671,20403106911,416,386,0,0
census_2021_indigenous_state_sa1.652,20403106804,342,330,5,0
census_2021_indigenous_state_sa1.653,20403106805,364,350,7,0
census_2021_indigenous_state_sa1.654,20403106806,251,239,0,0
census_2021_indigenous_state_sa1.655,20403106807,312,291,7,0
census_2021_indigenous_state_sa1.658,20403106810,469,431,0,0
census_2021_indigenous_state_sa1.659,20403106811,495,479,4,0
census_2021_indigenous_state_sa1.660,20403106812,450,436,5,0
census_2021_indigenous_state_sa1.661,20403106901,325,310,0,0
census_2021_indigenous_state_sa1.662,20403106902,222,189,7,0
census_2021_indigenous_state_sa1.852,20501107819,298,271,0,0
census_2021_indigenous_state_sa1.666,20403106906,354,301,0,0
census_2021_indigenous_state_sa1.667,20403106907,362,348,0,0
census_2021_indigenous_state_sa1.668,20403106908,29,24,0,0
census_2021_indigenous_state_sa1.674,20403106914,322,309,0,0
census_2021_indigenous_state_sa1.676,20403106916,381,346,0,0
census_2021_indigenous_state_sa1.677,20403106917,229,198,0,0
census_2021_indigenous_state_sa1.678,20403106918,246,232,0,0
census_2021_indigenous_state_sa1.679,20403106919,324,315,3,0
census_2021_indigenous_state_sa1.680,20403106920,0,0,0,0
census_2021_indigenous_state_sa1.1127,20503109333,516,491,8,0
census_2021_indigenous_state_sa1.681,20403106921,350,337,0,0
census_2021_indigenous_state_sa1.683,20403106923,388,358,0,0
census_2021_indigenous_state_sa1.684,20403106924,393,366,5,0
census_2021_indigenous_state_sa1.685,20403106925,321,251,8,0
census_2021_indigenous_state_sa1.892,20501107941,4,4,0,0
census_2021_indigenous_state_sa1.686,20403106926,385,359,0,1
census_2021_indigenous_state_sa1.1338,20505110318,519,484,14,0
census_2021_indigenous_state_sa1.689,20403106929,128,111,0,0
census_2021_indigenous_state_sa1.690,20403106930,127,106,6,0
census_2021_indigenous_state_sa1.1339,20505110319,515,443,12,0
census_2021_indigenous_state_sa1.709,20403107109,417,390,8,0
census_2021_indigenous_state_sa1.711,20403107111,427,403,6,0
census_2021_indigenous_state_sa1.1144,20504109404,293,267,0,0
census_2021_indigenous_state_sa1.691,20403106931,338,307,0,0
census_2021_indigenous_state_sa1.692,20403107001,572,495,24,0
census_2021_indigenous_state_sa1.693,20403107002,229,208,3,0
census_2021_indigenous_state_sa1.694,20403107003,381,336,9,0
census_2021_indigenous_state_sa1.695,20403107004,219,210,0,0
census_2021_indigenous_state_sa1.697,20403107006,270,245,5,0
census_2021_indigenous_state_sa1.1451,21602141203,356,325,10,0
census_2021_indigenous_state_sa1.698,20403107007,271,261,0,0
census_2021_indigenous_state_sa1.788,20501107605,192,184,0,0
census_2021_indigenous_state_sa1.1453,21602141205,240,203,6,0
census_2021_indigenous_state_sa1.1462,21602141325,252,214,6,0
census_2021_indigenous_state_sa1.1471,21602141406,531,458,21,0
census_2021_indigenous_state_sa1.896,20502108001,0,0,0,1
census_2021_indigenous_state_sa1.898,20502108104,1005,952,21,0
census_2021_indigenous_state_sa1.699,20403107008,346,315,0,0
census_2021_indigenous_state_sa1.700,20403107009,375,353,4,0
census_2021_indigenous_state_sa1.701,20403107101,621,585,11,0
census_2021_indigenous_state_sa1.704,20403107104,132,124,3,0
census_2021_indigenous_state_sa1.705,20403107105,172,165,0,0
census_2021_indigenous_state_sa1.741,20403107306,435,400,15,0
census_2021_indigenous_state_sa1.706,20403107106,300,280,0,0
census_2021_indigenous_state_sa1.712,20403107112,428,397,8,0
census_2021_indigenous_state_sa1.730,20403107215,0,0,0,0
census_2021_indigenous_state_sa1.707,20403107107,434,375,14,0
census_2021_indigenous_state_sa1.931,20502108138,230,214,0,0
census_2021_indigenous_state_sa1.708,20403107108,382,351,10,0
census_2021_indigenous_state_sa1.720,20403107205,236,209,3,0
census_2021_indigenous_state_sa1.713,20403107113,8,8,0,0
census_2021_indigenous_state_sa1.714,20403107114,279,255,0,0
census_2021_indigenous_state_sa1.715,20403107115,484,464,3,0
census_2021_indigenous_state_sa1.716,20403107201,198,184,4,0
census_2021_indigenous_state_sa1.717,20403107202,393,377,3,0
census_2021_indigenous_state_sa1.718,20403107203,207,180,5,0
census_2021_indigenous_state_sa1.719,20403107204,374,325,6,0
census_2021_indigenous_state_sa1.736,20403107301,289,188,39,0
census_2021_indigenous_state_sa1.737,20403107302,493,455,23,0
census_2021_indigenous_state_sa1.738,20403107303,294,277,10,0
census_2021_indigenous_state_sa1.739,20403107304,418,391,5,0
census_2021_indigenous_state_sa1.740,20403107305,533,501,17,0
census_2021_indigenous_state_sa1.958,20502108301,0,0,0,0
census_2021_indigenous_state_sa1.789,20501107608,805,780,9,0
census_2021_indigenous_state_sa1.742,20403107307,482,426,38,0
census_2021_indigenous_state_sa1.743,20403107308,298,246,16,0
census_2021_indigenous_state_sa1.744,20403107309,247,220,15,0
census_2021_indigenous_state_sa1.790,20501107610,596,582,5,0
census_2021_indigenous_state_sa1.745,20403107310,323,304,11,0
census_2021_indigenous_state_sa1.746,20403107311,399,360,19,0
census_2021_indigenous_state_sa1.747,20403107312,379,257,34,0
census_2021_indigenous_state_sa1.748,20403107313,361,353,4,0
census_2021_indigenous_state_sa1.749,20403107314,244,228,5,0
census_2021_indigenous_state_sa1.750,20403107315,462,438,15,0
census_2021_indigenous_state_sa1.751,20403107316,298,281,0,0
census_2021_indigenous_state_sa1.941,20502108209,262,203,0,1
census_2021_indigenous_state_sa1.942,20502108210,225,184,0,1
census_2021_indigenous_state_sa1.943,20502108211,374,348,0,1
census_2021_indigenous_state_sa1.752,20403107317,333,293,13,0
census_2021_indigenous_state_sa1.1194,20504109525,518,441,7,0
census_2021_indigenous_state_sa1.753,20403107318,407,364,9,0
census_2021_indigenous_state_sa1.754,20403107321,341,335,0,0
census_2021_indigenous_state_sa1.1040,20503108715,455,397,6,0
census_2021_indigenous_state_sa1.755,20403107322,257,217,16,0
census_2021_indigenous_state_sa1.756,20403107323,502,475,11,0
census_2021_indigenous_state_sa1.857,20501107903,422,398,5,0
census_2021_indigenous_state_sa1.757,20403107324,846,808,14,0
census_2021_indigenous_state_sa1.758,20403107325,473,453,14,0
census_2021_indigenous_state_sa1.759,20403107326,531,517,3,0
census_2021_indigenous_state_sa1.760,20403107327,407,384,16,0
census_2021_indigenous_state_sa1.1195,20504109526,582,539,0,0
census_2021_indigenous_state_sa1.761,20403107328,563,500,12,0
census_2021_indigenous_state_sa1.762,20403107329,343,299,11,0
census_2021_indigenous_state_sa1.763,20403107330,348,302,17,0
census_2021_indigenous_state_sa1.766,20403107333,552,515,24,0
census_2021_indigenous_state_sa1.1454,21602141206,320,302,7,0
census_2021_indigenous_state_sa1.950,20502108218,615,572,16,0
census_2021_indigenous_state_sa1.764,20403107331,427,395,23,0
census_2021_indigenous_state_sa1.765,20403107332,385,345,23,0
census_2021_indigenous_state_sa1.774,20403107502,412,381,9,0
census_2021_indigenous_state_sa1.767,20403107334,341,291,10,0
census_2021_indigenous_state_sa1.768,20403107335,231,211,12,0
census_2021_indigenous_state_sa1.769,20403107336,963,904,27,0
census_2021_indigenous_state_sa1.770,20403107337,352,346,3,0
census_2021_indigenous_state_sa1.771,20403107338,403,390,9,0
census_2021_indigenous_state_sa1.773,20403107501,605,564,12,0
census_2021_indigenous_state_sa1.1329,20505110309,1217,1158,24,0
census_2021_indigenous_state_sa1.955,20502108223,185,153,6,1
census_2021_indigenous_state_sa1.956,20502108224,343,300,13,1
census_2021_indigenous_state_sa1.776,20403107504,328,302,3,0
census_2021_indigenous_state_sa1.791,20501107611,421,393,0,0
census_2021_indigenous_state_sa1.778,20403107506,444,427,7,0
census_2021_indigenous_state_sa1.779,20403107507,435,376,0,0
census_2021_indigenous_state_sa1.782,20403107510,490,445,7,0
census_2021_indigenous_state_sa1.798,20501107623,175,154,4,0
census_2021_indigenous_state_sa1.813,20501107702,182,167,0,0
census_2021_indigenous_state_sa1.783,20403107511,337,304,11,0
census_2021_indigenous_state_sa1.781,20403107509,880,821,16,1
census_2021_indigenous_state_sa1.784,20403107512,510,472,16,0
census_2021_indigenous_state_sa1.785,20501107601,349,327,6,0
census_2021_indigenous_state_sa1.786,20501107603,208,208,0,0
census_2021_indigenous_state_sa1.793,20501107613,455,406,3,0
census_2021_indigenous_state_sa1.804,20501107629,601,574,6,0
census_2021_indigenous_state_sa1.805,20501107630,430,394,7,0
census_2021_indigenous_state_sa1.806,20501107632,654,581,35,0
census_2021_indigenous_state_sa1.819,20501107708,333,309,6,0
census_2021_indigenous_state_sa1.858,20501107904,521,501,14,0
census_2021_indigenous_state_sa1.1331,20505110311,960,891,28,0
census_2021_indigenous_state_sa1.1332,20505110312,340,329,0,0
census_2021_indigenous_state_sa1.1333,20505110313,568,533,12,0
census_2021_indigenous_state_sa1.1334,20505110314,338,325,3,0
census_2021_indigenous_state_sa1.1335,20505110315,268,223,12,0
census_2021_indigenous_state_sa1.1336,20505110316,418,404,0,0
census_2021_indigenous_state_sa1.1337,20505110317,497,467,9,0
census_2021_indigenous_state_sa1.794,20501107615,268,218,13,0
census_2021_indigenous_state_sa1.795,20501107619,341,333,0,0
census_2021_indigenous_state_sa1.796,20501107620,808,776,18,0
census_2021_indigenous_state_sa1.894,20501107943,857,831,4,0
census_2021_indigenous_state_sa1.799,20501107624,356,293,6,0
census_2021_indigenous_state_sa1.810,20501107637,745,693,13,0
census_2021_indigenous_state_sa1.811,20501107638,574,522,16,0
census_2021_indigenous_state_sa1.997,20502108511,338,289,0,1
census_2021_indigenous_state_sa1.998,20502108512,290,235,11,1
census_2021_indigenous_state_sa1.1011,20502108603,551,525,11,0
census_2021_indigenous_state_sa1.800,20501107625,147,128,0,0
census_2021_indigenous_state_sa1.801,20501107626,118,104,3,0
census_2021_indigenous_state_sa1.802,20501107627,253,223,12,0
census_2021_indigenous_state_sa1.803,20501107628,269,251,5,0
census_2021_indigenous_state_sa1.859,20501107905,553,528,3,0
census_2021_indigenous_state_sa1.807,20501107633,189,184,0,0
census_2021_indigenous_state_sa1.808,20501107635,437,368,19,0
census_2021_indigenous_state_sa1.809,20501107636,581,538,17,0
census_2021_indigenous_state_sa1.812,20501107701,30,24,0,0
census_2021_indigenous_state_sa1.820,20501107709,753,693,13,0
census_2021_indigenous_state_sa1.821,20501107710,285,262,0,0
census_2021_indigenous_state_sa1.822,20501107711,281,264,4,0
census_2021_indigenous_state_sa1.1009,20502108601,231,207,0,0
census_2021_indigenous_state_sa1.860,20501107906,357,330,10,0
census_2021_indigenous_state_sa1.881,20501107928,775,736,11,0
census_2021_indigenous_state_sa1.824,20501107713,421,388,5,0
census_2021_indigenous_state_sa1.1007,20502108521,181,157,0,1
census_2021_indigenous_state_sa1.835,20501107802,307,273,4,0
census_2021_indigenous_state_sa1.867,20501107913,426,396,10,0
census_2021_indigenous_state_sa1.895,20501107944,681,653,13,0
census_2021_indigenous_state_sa1.1387,21105128613,392,349,10,0
census_2021_indigenous_state_sa1.826,20501107715,374,346,0,0
census_2021_indigenous_state_sa1.827,20501107716,347,327,0,0
census_2021_indigenous_state_sa1.868,20501107914,344,316,0,0
census_2021_indigenous_state_sa1.1025,20502108617,0,0,0,0
census_2021_indigenous_state_sa1.1027,20503108702,352,329,6,0
census_2021_indigenous_state_sa1.1029,20503108704,315,284,0,0
census_2021_indigenous_state_sa1.1030,20503108705,372,329,0,0
census_2021_indigenous_state_sa1.828,20501107717,275,255,0,0
census_2021_indigenous_state_sa1.836,20501107803,216,202,0,0
census_2021_indigenous_state_sa1.877,20501107924,236,219,0,0
census_2021_indigenous_state_sa1.831,20501107720,210,199,4,0
census_2021_indigenous_state_sa1.834,20501107801,936,887,7,0
census_2021_indigenous_state_sa1.839,20501107806,445,439,0,0
census_2021_indigenous_state_sa1.878,20501107925,557,511,0,0
census_2021_indigenous_state_sa1.837,20501107804,314,277,4,0
census_2021_indigenous_state_sa1.1388,21105128614,462,425,9,0
census_2021_indigenous_state_sa1.1046,20503108721,283,244,11,0
census_2021_indigenous_state_sa1.1047,20503108722,412,387,12,0
census_2021_indigenous_state_sa1.1048,20503108723,459,429,0,0
census_2021_indigenous_state_sa1.838,20501107805,286,269,4,0
census_2021_indigenous_state_sa1.840,20501107807,305,286,3,0
census_2021_indigenous_state_sa1.841,20501107808,465,446,3,0
census_2021_indigenous_state_sa1.842,20501107809,468,379,13,0
census_2021_indigenous_state_sa1.843,20501107810,238,234,3,0
census_2021_indigenous_state_sa1.844,20501107811,1180,1151,8,0
census_2021_indigenous_state_sa1.845,20501107812,709,661,9,0
census_2021_indigenous_state_sa1.846,20501107813,222,219,0,0
census_2021_indigenous_state_sa1.847,20501107814,401,392,0,0
census_2021_indigenous_state_sa1.848,20501107815,211,177,5,0
census_2021_indigenous_state_sa1.1393,21105128621,329,297,8,0
census_2021_indigenous_state_sa1.849,20501107816,142,128,0,0
census_2021_indigenous_state_sa1.856,20501107902,564,550,0,0
census_2021_indigenous_state_sa1.850,20501107817,463,436,0,0
census_2021_indigenous_state_sa1.851,20501107818,186,179,0,0
census_2021_indigenous_state_sa1.854,20501107821,295,284,0,0
census_2021_indigenous_state_sa1.855,20501107901,288,272,4,0
census_2021_indigenous_state_sa1.861,20501107907,460,430,4,0
census_2021_indigenous_state_sa1.862,20501107908,391,346,0,0
census_2021_indigenous_state_sa1.863,20501107909,300,277,11,0
census_2021_indigenous_state_sa1.864,20501107910,514,490,3,0
census_2021_indigenous_state_sa1.865,20501107911,349,323,5,0
census_2021_indigenous_state_sa1.869,20501107915,366,331,0,0
census_2021_indigenous_state_sa1.870,20501107916,450,399,8,0
census_2021_indigenous_state_sa1.871,20501107917,386,370,7,0
census_2021_indigenous_state_sa1.872,20501107918,274,247,6,0
census_2021_indigenous_state_sa1.879,20501107926,545,527,3,0
census_2021_indigenous_state_sa1.880,20501107927,631,588,5,0
census_2021_indigenous_state_sa1.882,20501107929,537,485,5,0
census_2021_indigenous_state_sa1.1084,20503109010,324,315,0,0
census_2021_indigenous_state_sa1.873,20501107920,363,346,0,0
census_2021_indigenous_state_sa1.874,20501107921,604,592,7,0
census_2021_indigenous_state_sa1.875,20501107922,426,424,3,0
census_2021_indigenous_state_sa1.876,20501107923,435,418,0,0
census_2021_indigenous_state_sa1.883,20501107930,440,428,0,0
census_2021_indigenous_state_sa1.885,20501107932,524,513,0,0
census_2021_indigenous_state_sa1.886,20501107933,380,368,3,0
census_2021_indigenous_state_sa1.887,20501107935,501,420,18,0
census_2021_indigenous_state_sa1.888,20501107936,453,399,0,0
census_2021_indigenous_state_sa1.1093,20503109020,344,308,0,0
census_2021_indigenous_state_sa1.893,20501107942,488,474,0,0
census_2021_indigenous_state_sa1.889,20501107938,427,396,0,0
census_2021_indigenous_state_sa1.890,20501107939,476,440,12,0
census_2021_indigenous_state_sa1.891,20501107940,374,373,0,0
census_2021_indigenous_state_sa1.899,20502108105,565,514,4,0
census_2021_indigenous_state_sa1.900,20502108106,547,510,17,0
census_2021_indigenous_state_sa1.901,20502108107,666,633,9,0
census_2021_indigenous_state_sa1.1086,20503109012,543,461,8,0
census_2021_indigenous_state_sa1.903,20502108110,546,430,59,0
census_2021_indigenous_state_sa1.1120,20503109324,589,550,12,0
census_2021_indigenous_state_sa1.1356,20505110402,196,173,4,0
census_2021_indigenous_state_sa1.1358,20505110404,235,223,0,0
census_2021_indigenous_state_sa1.1359,20505110405,321,304,0,0
census_2021_indigenous_state_sa1.1360,20505110406,347,307,9,0
census_2021_indigenous_state_sa1.1361,20505110407,0,0,0,0
census_2021_indigenous_state_sa1.1380,21105128604,416,405,11,0
census_2021_indigenous_state_sa1.897,20502108101,147,134,3,0
census_2021_indigenous_state_sa1.902,20502108109,682,598,37,0
census_2021_indigenous_state_sa1.1103,20503109305,196,181,0,0
census_2021_indigenous_state_sa1.904,20502108111,233,185,21,0
census_2021_indigenous_state_sa1.905,20502108112,429,363,15,0
census_2021_indigenous_state_sa1.906,20502108113,555,512,12,0
census_2021_indigenous_state_sa1.907,20502108114,533,486,12,0
census_2021_indigenous_state_sa1.908,20502108115,229,200,7,0
census_2021_indigenous_state_sa1.909,20502108116,541,426,48,0
census_2021_indigenous_state_sa1.910,20502108117,540,479,40,0
census_2021_indigenous_state_sa1.918,20502108125,660,578,48,0
census_2021_indigenous_state_sa1.1107,20503109309,317,262,3,0
census_2021_indigenous_state_sa1.912,20502108119,198,174,6,0
census_2021_indigenous_state_sa1.913,20502108120,523,474,35,0
census_2021_indigenous_state_sa1.914,20502108121,352,304,21,0
census_2021_indigenous_state_sa1.915,20502108122,539,493,25,0
census_2021_indigenous_state_sa1.916,20502108123,343,287,38,0
census_2021_indigenous_state_sa1.917,20502108124,274,236,22,0
census_2021_indigenous_state_sa1.1381,21105128605,363,350,9,0
census_2021_indigenous_state_sa1.1109,20503109311,0,0,0,0
census_2021_indigenous_state_sa1.968,20502108410,554,508,12,0
census_2021_indigenous_state_sa1.919,20502108126,458,407,30,0
census_2021_indigenous_state_sa1.920,20502108127,341,268,26,0
census_2021_indigenous_state_sa1.921,20502108128,385,344,15,0
census_2021_indigenous_state_sa1.922,20502108129,217,173,7,0
census_2021_indigenous_state_sa1.923,20502108130,242,139,39,0
census_2021_indigenous_state_sa1.924,20502108131,774,706,32,0
census_2021_indigenous_state_sa1.1121,20503109325,311,301,0,0
census_2021_indigenous_state_sa1.925,20502108132,517,486,5,0
census_2021_indigenous_state_sa1.926,20502108133,506,469,20,0
census_2021_indigenous_state_sa1.927,20502108134,446,408,23,0
census_2021_indigenous_state_sa1.930,20502108137,519,492,13,0
census_2021_indigenous_state_sa1.945,20502108213,211,192,10,0
census_2021_indigenous_state_sa1.963,20502108405,450,393,6,0
census_2021_indigenous_state_sa1.928,20502108135,0,0,0,0
census_2021_indigenous_state_sa1.1382,21105128606,329,316,0,0
census_2021_indigenous_state_sa1.1132,20503109344,821,779,14,0
census_2021_indigenous_state_sa1.929,20502108136,331,306,15,0
census_2021_indigenous_state_sa1.969,20502108411,414,391,12,0
census_2021_indigenous_state_sa1.932,20502108139,311,289,3,0
census_2021_indigenous_state_sa1.933,20502108201,131,120,4,0
census_2021_indigenous_state_sa1.959,20502108401,389,328,50,0
census_2021_indigenous_state_sa1.973,20502108415,293,248,6,0
census_2021_indigenous_state_sa1.1196,20504109527,566,505,21,0
census_2021_indigenous_state_sa1.935,20502108203,771,693,22,0
census_2021_indigenous_state_sa1.940,20502108208,242,210,0,0
census_2021_indigenous_state_sa1.1148,20504109408,357,316,13,0
census_2021_indigenous_state_sa1.1149,20504109409,236,203,0,0
census_2021_indigenous_state_sa1.936,20502108204,372,344,4,0
census_2021_indigenous_state_sa1.1032,20503108707,414,376,5,0
census_2021_indigenous_state_sa1.1294,20505110121,381,360,6,0
census_2021_indigenous_state_sa1.937,20502108205,366,349,5,0
census_2021_indigenous_state_sa1.944,20502108212,364,316,14,0
census_2021_indigenous_state_sa1.1079,20503109005,473,439,5,0
census_2021_indigenous_state_sa1.938,20502108206,252,218,5,0
census_2021_indigenous_state_sa1.1179,20504109509,438,403,3,0
census_2021_indigenous_state_sa1.948,20502108216,423,374,4,0
census_2021_indigenous_state_sa1.949,20502108217,146,134,0,0
census_2021_indigenous_state_sa1.960,20502108402,487,402,34,0
census_2021_indigenous_state_sa1.1295,20505110122,566,546,0,0
census_2021_indigenous_state_sa1.951,20502108219,569,553,5,0
census_2021_indigenous_state_sa1.953,20502108221,218,207,0,0
census_2021_indigenous_state_sa1.961,20502108403,324,257,28,0
census_2021_indigenous_state_sa1.1193,20504109524,345,321,3,0
census_2021_indigenous_state_sa1.964,20502108406,861,774,32,0
census_2021_indigenous_state_sa1.1024,20502108616,326,310,3,0
census_2021_indigenous_state_sa1.966,20502108408,322,273,9,0
census_2021_indigenous_state_sa1.1406,21105128635,212,195,0,0
census_2021_indigenous_state_sa1.1209,20504109540,506,481,9,0
census_2021_indigenous_state_sa1.1264,20505110003,591,548,0,0
census_2021_indigenous_state_sa1.967,20502108409,378,340,9,0
census_2021_indigenous_state_sa1.970,20502108412,334,311,0,0
census_2021_indigenous_state_sa1.971,20502108413,295,285,0,0
census_2021_indigenous_state_sa1.972,20502108414,251,235,7,0
census_2021_indigenous_state_sa1.1133,20503109345,435,403,4,0
census_2021_indigenous_state_sa1.974,20502108416,584,542,15,0
census_2021_indigenous_state_sa1.975,20502108417,387,324,9,0
census_2021_indigenous_state_sa1.976,20502108418,330,299,4,0
census_2021_indigenous_state_sa1.977,20502108419,347,294,22,0
census_2021_indigenous_state_sa1.978,20502108420,287,256,9,0
census_2021_indigenous_state_sa1.979,20502108421,397,321,16,0
census_2021_indigenous_state_sa1.980,20502108422,0,0,0,0
census_2021_indigenous_state_sa1.981,20502108423,248,227,9,0
census_2021_indigenous_state_sa1.982,20502108424,539,470,7,0
census_2021_indigenous_state_sa1.985,20502108427,670,613,12,0
census_2021_indigenous_state_sa1.1021,20502108613,140,135,0,0
census_2021_indigenous_state_sa1.983,20502108425,337,305,0,0
census_2021_indigenous_state_sa1.1252,20504109806,369,351,12,0
census_2021_indigenous_state_sa1.1267,20505110006,349,313,3,0
census_2021_indigenous_state_sa1.1268,20505110007,32,32,0,0
census_2021_indigenous_state_sa1.984,20502108426,321,279,6,0
census_2021_indigenous_state_sa1.1296,20505110123,410,387,9,0
census_2021_indigenous_state_sa1.986,20502108428,284,269,0,0
census_2021_indigenous_state_sa1.987,20502108501,242,172,24,0
census_2021_indigenous_state_sa1.988,20502108502,270,194,36,0
census_2021_indigenous_state_sa1.989,20502108503,211,171,13,0
census_2021_indigenous_state_sa1.990,20502108504,295,253,22,0
census_2021_indigenous_state_sa1.991,20502108505,491,444,0,0
census_2021_indigenous_state_sa1.992,20502108506,339,280,17,0
census_2021_indigenous_state_sa1.993,20502108507,287,242,16,0
census_2021_indigenous_state_sa1.994,20502108508,107,3,50,0
census_2021_indigenous_state_sa1.995,20502108509,379,347,20,0
census_2021_indigenous_state_sa1.1270,20505110010,559,507,7,0
census_2021_indigenous_state_sa1.1271,20505110011,373,349,5,0
census_2021_indigenous_state_sa1.1273,20505110014,580,532,14,0
census_2021_indigenous_state_sa1.1274,20505110015,438,397,10,0
census_2021_indigenous_state_sa1.996,20502108510,147,117,13,0
census_2021_indigenous_state_sa1.1010,20502108602,437,420,8,0
census_2021_indigenous_state_sa1.1022,20502108614,332,312,10,0
census_2021_indigenous_state_sa1.1373,21105127602,345,321,12,0
census_2021_indigenous_state_sa1.1287,20505110114,279,240,8,0
census_2021_indigenous_state_sa1.1291,20505110118,521,448,5,0
census_2021_indigenous_state_sa1.1292,20505110119,523,469,0,0
census_2021_indigenous_state_sa1.1005,20502108519,349,321,0,0
census_2021_indigenous_state_sa1.1013,20502108605,800,768,9,0
census_2021_indigenous_state_sa1.1282,20505110109,451,406,0,0
census_2021_indigenous_state_sa1.1023,20502108615,285,276,0,0
census_2021_indigenous_state_sa1.1297,20505110124,351,341,9,0
census_2021_indigenous_state_sa1.1006,20502108520,385,346,3,0
census_2021_indigenous_state_sa1.1281,20505110108,361,327,9,1
census_2021_indigenous_state_sa1.1008,20502108522,385,361,4,0
census_2021_indigenous_state_sa1.1122,20503109326,421,403,0,0
census_2021_indigenous_state_sa1.1014,20502108606,748,709,3,0
census_2021_indigenous_state_sa1.1300,20505110127,357,308,10,0
census_2021_indigenous_state_sa1.1301,20505110128,305,284,0,0
census_2021_indigenous_state_sa1.1016,20502108608,338,325,6,0
census_2021_indigenous_state_sa1.1017,20502108609,254,246,5,0
census_2021_indigenous_state_sa1.1018,20502108610,501,469,19,0
census_2021_indigenous_state_sa1.1019,20502108611,228,220,0,0
census_2021_indigenous_state_sa1.1402,21105128631,423,371,4,0
census_2021_indigenous_state_sa1.1403,21105128632,275,264,4,0
census_2021_indigenous_state_sa1.1015,20502108607,589,562,8,0
census_2021_indigenous_state_sa1.1020,20502108612,302,290,3,0
census_2021_indigenous_state_sa1.1026,20503108701,549,500,5,0
census_2021_indigenous_state_sa1.1028,20503108703,254,238,0,0
census_2021_indigenous_state_sa1.1031,20503108706,335,284,7,0
census_2021_indigenous_state_sa1.1074,20503108925,267,261,0,0
census_2021_indigenous_state_sa1.1033,20503108708,196,171,5,0
census_2021_indigenous_state_sa1.1035,20503108710,194,170,0,0
census_2021_indigenous_state_sa1.1036,20503108711,492,445,16,0
census_2021_indigenous_state_sa1.1037,20503108712,355,327,4,0
census_2021_indigenous_state_sa1.1038,20503108713,432,369,6,0
census_2021_indigenous_state_sa1.1039,20503108714,516,481,9,0
census_2021_indigenous_state_sa1.1314,20505110206,481,448,5,0
census_2021_indigenous_state_sa1.1315,20505110207,322,289,3,0
census_2021_indigenous_state_sa1.1317,20505110209,453,391,9,0
census_2021_indigenous_state_sa1.1041,20503108716,460,443,0,0
census_2021_indigenous_state_sa1.1043,20503108718,233,216,0,0
census_2021_indigenous_state_sa1.1044,20503108719,528,488,5,0
census_2021_indigenous_state_sa1.1057,20503108907,514,479,8,0
census_2021_indigenous_state_sa1.1197,20504109528,393,362,8,0
census_2021_indigenous_state_sa1.1330,20505110310,190,163,3,0
census_2021_indigenous_state_sa1.1045,20503108720,624,580,3,0
census_2021_indigenous_state_sa1.1344,20505110324,330,315,5,0
census_2021_indigenous_state_sa1.1050,20503108725,207,177,6,0
census_2021_indigenous_state_sa1.1051,20503108901,513,478,6,0
census_2021_indigenous_state_sa1.1052,20503108902,389,352,9,0
census_2021_indigenous_state_sa1.1058,20503108908,974,915,15,0
census_2021_indigenous_state_sa1.1059,20503108909,344,296,11,0
census_2021_indigenous_state_sa1.1081,20503109007,387,364,0,0
census_2021_indigenous_state_sa1.1053,20503108903,329,311,5,0
census_2021_indigenous_state_sa1.1054,20503108904,493,484,4,0
census_2021_indigenous_state_sa1.1055,20503108905,484,449,9,0
census_2021_indigenous_state_sa1.1056,20503108906,223,205,0,0
census_2021_indigenous_state_sa1.1198,20504109529,465,429,10,0
census_2021_indigenous_state_sa1.1143,20504109403,370,328,11,0
census_2021_indigenous_state_sa1.1060,20503108910,258,247,0,0
census_2021_indigenous_state_sa1.1061,20503108911,355,336,6,0
census_2021_indigenous_state_sa1.1340,20505110320,461,375,49,0
census_2021_indigenous_state_sa1.1082,20503109008,418,413,3,0
census_2021_indigenous_state_sa1.1215,20504109606,345,309,10,0
census_2021_indigenous_state_sa1.1062,20503108912,478,444,4,0
census_2021_indigenous_state_sa1.1342,20505110322,317,289,19,0
census_2021_indigenous_state_sa1.1063,20503108913,301,287,4,0
census_2021_indigenous_state_sa1.1064,20503108914,442,423,4,0
census_2021_indigenous_state_sa1.1083,20503109009,395,370,0,0
census_2021_indigenous_state_sa1.1065,20503108915,273,255,0,0
census_2021_indigenous_state_sa1.1343,20505110323,610,577,15,0
census_2021_indigenous_state_sa1.1374,21105127615,0,0,0,1
census_2021_indigenous_state_sa1.19,10103101408,200,189,0,0
census_2021_indigenous_state_sa1.1066,20503108916,307,270,4,0
census_2021_indigenous_state_sa1.1345,20505110325,493,462,24,0
census_2021_indigenous_state_sa1.1346,20505110326,394,373,6,0
census_2021_indigenous_state_sa1.1067,20503108917,395,361,9,0
census_2021_indigenous_state_sa1.1068,20503108918,431,391,12,0
census_2021_indigenous_state_sa1.1134,20503109349,361,341,0,0
census_2021_indigenous_state_sa1.1069,20503108919,706,645,6,0
census_2021_indigenous_state_sa1.1073,20503108924,182,161,8,0
census_2021_indigenous_state_sa1.1070,20503108920,326,313,0,0
census_2021_indigenous_state_sa1.1071,20503108921,668,620,10,0
census_2021_indigenous_state_sa1.1072,20503108923,184,173,0,0
census_2021_indigenous_state_sa1.1077,20503109003,561,533,3,0
census_2021_indigenous_state_sa1.1075,20503109001,377,333,12,0
census_2021_indigenous_state_sa1.1076,20503109002,324,282,9,0
census_2021_indigenous_state_sa1.1085,20503109011,531,507,4,0
census_2021_indigenous_state_sa1.1087,20503109013,475,438,3,0
census_2021_indigenous_state_sa1.1094,20503109021,302,290,4,0
census_2021_indigenous_state_sa1.1095,20503109022,364,340,3,0
census_2021_indigenous_state_sa1.1384,21105128608,442,405,3,0
census_2021_indigenous_state_sa1.1096,20503109024,352,325,0,0
census_2021_indigenous_state_sa1.1097,20503109025,254,240,0,0
census_2021_indigenous_state_sa1.1098,20503109026,324,292,3,0
census_2021_indigenous_state_sa1.1100,20503109302,481,445,0,0
census_2021_indigenous_state_sa1.1101,20503109303,431,411,6,0
census_2021_indigenous_state_sa1.1233,20504109624,532,470,13,0
census_2021_indigenous_state_sa1.1112,20503109315,570,523,13,0
census_2021_indigenous_state_sa1.1113,20503109316,510,465,10,0
census_2021_indigenous_state_sa1.1114,20503109317,623,594,8,0
census_2021_indigenous_state_sa1.1088,20503109014,366,349,0,0
census_2021_indigenous_state_sa1.1089,20503109015,616,572,5,0
census_2021_indigenous_state_sa1.1090,20503109017,585,534,0,0
census_2021_indigenous_state_sa1.1091,20503109018,785,753,0,0
census_2021_indigenous_state_sa1.1092,20503109019,590,526,12,0
census_2021_indigenous_state_sa1.1102,20503109304,434,401,0,0
census_2021_indigenous_state_sa1.1119,20503109322,522,506,3,0
census_2021_indigenous_state_sa1.1104,20503109306,508,456,7,0
census_2021_indigenous_state_sa1.1105,20503109307,245,217,0,0
census_2021_indigenous_state_sa1.1106,20503109308,365,340,4,0
census_2021_indigenous_state_sa1.1115,20503109318,494,454,5,0
census_2021_indigenous_state_sa1.1108,20503109310,487,426,24,0
census_2021_indigenous_state_sa1.1111,20503109314,391,363,7,0
census_2021_indigenous_state_sa1.1123,20503109329,461,443,0,0
census_2021_indigenous_state_sa1.1124,20503109330,563,528,5,0
census_2021_indigenous_state_sa1.1125,20503109331,419,385,5,0
census_2021_indigenous_state_sa1.1128,20503109334,412,403,0,0
census_2021_indigenous_state_sa1.1129,20503109340,563,491,18,0
census_2021_indigenous_state_sa1.1130,20503109341,558,496,20,0
census_2021_indigenous_state_sa1.1131,20503109343,963,898,16,0
census_2021_indigenous_state_sa1.1117,20503109320,478,445,4,0
census_2021_indigenous_state_sa1.1118,20503109321,362,341,0,0
census_2021_indigenous_state_sa1.1409,21105128638,249,233,4,1
census_2021_indigenous_state_sa1.1410,21105128639,346,322,0,0
census_2021_indigenous_state_sa1.1411,21105128640,237,222,3,0
census_2021_indigenous_state_sa1.1163,20504109423,382,320,25,0
census_2021_indigenous_state_sa1.1135,20503109351,150,143,3,0
census_2021_indigenous_state_sa1.1136,20503109353,462,446,5,0
census_2021_indigenous_state_sa1.1137,20503109354,146,134,0,0
census_2021_indigenous_state_sa1.1138,20503109355,262,247,4,0
census_2021_indigenous_state_sa1.1139,20503109356,855,819,11,0
census_2021_indigenous_state_sa1.1140,20503109358,594,575,11,0
census_2021_indigenous_state_sa1.1141,20504109401,278,246,15,0
census_2021_indigenous_state_sa1.1145,20504109405,584,554,5,0
census_2021_indigenous_state_sa1.1146,20504109406,188,178,6,0
census_2021_indigenous_state_sa1.1422,21105128653,0,0,0,1
census_2021_indigenous_state_sa1.1420,21105128651,275,251,0,0
census_2021_indigenous_state_sa1.1421,21105128652,338,302,12,0
census_2021_indigenous_state_sa1.1174,20504109504,526,430,13,0
census_2021_indigenous_state_sa1.1147,20504109407,486,459,8,0
census_2021_indigenous_state_sa1.1150,20504109410,589,558,0,0
census_2021_indigenous_state_sa1.1151,20504109411,589,484,17,0
census_2021_indigenous_state_sa1.1347,20505110327,604,571,4,0
census_2021_indigenous_state_sa1.1448,21602141117,232,211,4,0
census_2021_indigenous_state_sa1.1152,20504109412,64,16,0,0
census_2021_indigenous_state_sa1.1175,20504109505,435,395,18,0
census_2021_indigenous_state_sa1.1153,20504109413,804,747,8,0
census_2021_indigenous_state_sa1.1154,20504109414,534,477,13,0
census_2021_indigenous_state_sa1.1156,20504109416,401,394,0,0
census_2021_indigenous_state_sa1.1157,20504109417,349,335,0,0
census_2021_indigenous_state_sa1.1158,20504109418,267,239,9,0
census_2021_indigenous_state_sa1.1160,20504109420,455,407,5,0
census_2021_indigenous_state_sa1.1161,20504109421,366,342,8,0
census_2021_indigenous_state_sa1.1164,20504109424,301,288,8,0
census_2021_indigenous_state_sa1.1165,20504109425,440,397,17,0
census_2021_indigenous_state_sa1.1166,20504109426,305,256,5,0
census_2021_indigenous_state_sa1.1167,20504109427,295,274,5,0
census_2021_indigenous_state_sa1.1168,20504109429,507,486,5,0
census_2021_indigenous_state_sa1.1169,20504109430,288,265,10,0
census_2021_indigenous_state_sa1.1170,20504109432,0,0,0,0
census_2021_indigenous_state_sa1.1171,20504109501,234,205,3,0
census_2021_indigenous_state_sa1.1155,20504109415,482,426,5,1
census_2021_indigenous_state_sa1.1435,21602141104,380,358,10,0
census_2021_indigenous_state_sa1.1436,21602141105,454,389,11,0
census_2021_indigenous_state_sa1.1172,20504109502,474,416,14,0
census_2021_indigenous_state_sa1.1173,20504109503,357,315,10,0
census_2021_indigenous_state_sa1.1177,20504109507,407,377,0,0
census_2021_indigenous_state_sa1.1431,21201128953,707,621,10,0
census_2021_indigenous_state_sa1.1178,20504109508,401,358,5,0
census_2021_indigenous_state_sa1.1242,20504109633,461,373,39,0
census_2021_indigenous_state_sa1.1181,20504109511,721,674,20,0
census_2021_indigenous_state_sa1.1182,20504109512,482,420,6,0
census_2021_indigenous_state_sa1.1183,20504109514,500,470,12,0
census_2021_indigenous_state_sa1.1184,20504109515,682,641,13,0
census_2021_indigenous_state_sa1.1185,20504109516,418,377,7,0
census_2021_indigenous_state_sa1.1186,20504109517,394,371,9,0
census_2021_indigenous_state_sa1.1348,20505110328,406,360,11,0
census_2021_indigenous_state_sa1.1452,21602141204,270,247,0,0
census_2021_indigenous_state_sa1.1191,20504109522,460,415,22,0
census_2021_indigenous_state_sa1.1192,20504109523,529,504,9,0
census_2021_indigenous_state_sa1.1187,20504109518,393,378,11,0
census_2021_indigenous_state_sa1.1188,20504109519,392,349,10,0
census_2021_indigenous_state_sa1.1457,21602141209,400,353,9,0
census_2021_indigenous_state_sa1.1189,20504109520,991,905,34,0
census_2021_indigenous_state_sa1.1190,20504109521,394,335,17,0
census_2021_indigenous_state_sa1.1199,20504109530,374,349,6,0
census_2021_indigenous_state_sa1.1200,20504109531,407,372,7,0
census_2021_indigenous_state_sa1.1201,20504109532,592,560,12,0
census_2021_indigenous_state_sa1.1202,20504109533,401,312,27,0
census_2021_indigenous_state_sa1.1203,20504109534,550,475,31,0
census_2021_indigenous_state_sa1.1204,20504109535,597,511,16,0
census_2021_indigenous_state_sa1.1461,21602141316,250,234,0,0
census_2021_indigenous_state_sa1.1205,20504109536,376,334,10,0
census_2021_indigenous_state_sa1.1206,20504109537,382,334,23,0
census_2021_indigenous_state_sa1.1207,20504109538,272,254,0,0
census_2021_indigenous_state_sa1.1243,20504109634,614,527,11,0
census_2021_indigenous_state_sa1.1224,20504109615,410,358,12,0
census_2021_indigenous_state_sa1.1208,20504109539,16,16,0,0
census_2021_indigenous_state_sa1.1210,20504109601,1049,1000,9,0
census_2021_indigenous_state_sa1.1211,20504109602,192,163,10,0
census_2021_indigenous_state_sa1.279,10901117304,511,363,62,0
census_2021_indigenous_state_sa1.1212,20504109603,344,342,0,0
census_2021_indigenous_state_sa1.1213,20504109604,13,15,0,0
census_2021_indigenous_state_sa1.1214,20504109605,455,404,5,0
census_2021_indigenous_state_sa1.1225,20504109616,423,339,13,0
census_2021_indigenous_state_sa1.1216,20504109607,370,324,3,0
census_2021_indigenous_state_sa1.1217,20504109608,595,374,36,0
census_2021_indigenous_state_sa1.1404,21105128633,213,204,5,0
census_2021_indigenous_state_sa1.4,10103101301,201,171,19,0
census_2021_indigenous_state_sa1.1218,20504109609,663,562,36,0
census_2021_indigenous_state_sa1.1219,20504109610,341,292,13,0
census_2021_indigenous_state_sa1.1220,20504109611,432,374,12,0
census_2021_indigenous_state_sa1.1221,20504109612,448,402,15,0
census_2021_indigenous_state_sa1.1222,20504109613,561,455,18,0
census_2021_indigenous_state_sa1.1223,20504109614,542,426,40,0
census_2021_indigenous_state_sa1.1227,20504109618,355,305,7,0
census_2021_indigenous_state_sa1.1228,20504109619,443,401,10,0
census_2021_indigenous_state_sa1.1229,20504109620,406,348,22,0
census_2021_indigenous_state_sa1.1230,20504109621,260,231,10,0
census_2021_indigenous_state_sa1.1231,20504109622,363,307,7,0
census_2021_indigenous_state_sa1.1232,20504109623,476,446,14,0
census_2021_indigenous_state_sa1.1234,20504109625,5,5,0,0
census_2021_indigenous_state_sa1.1235,20504109626,488,442,14,0
census_2021_indigenous_state_sa1.1236,20504109627,395,357,8,0
census_2021_indigenous_state_sa1.1237,20504109628,502,473,4,0
census_2021_indigenous_state_sa1.1238,20504109629,279,255,0,0
census_2021_indigenous_state_sa1.1239,20504109630,443,422,6,0
census_2021_indigenous_state_sa1.1240,20504109631,273,243,3,0
census_2021_indigenous_state_sa1.1241,20504109632,284,227,11,0
census_2021_indigenous_state_sa1.1253,20504109807,507,463,3,0
census_2021_indigenous_state_sa1.1254,20504109808,342,327,5,0
census_2021_indigenous_state_sa1.1244,20504109636,3,3,0,0
census_2021_indigenous_state_sa1.1245,20504109637,49,26,0,0
census_2021_indigenous_state_sa1.1247,20504109801,418,409,9,0
census_2021_indigenous_state_sa1.1248,20504109802,0,0,0,0
census_2021_indigenous_state_sa1.1250,20504109804,319,293,5,0
census_2021_indigenous_state_sa1.1265,20505110004,633,611,3,0
census_2021_indigenous_state_sa1.1266,20505110005,0,0,0,0
census_2021_indigenous_state_sa1.1249,20504109803,554,518,0,1
census_2021_indigenous_state_sa1.280,10901117305,400,355,25,0
census_2021_indigenous_state_sa1.1255,20504109809,262,231,22,0
census_2021_indigenous_state_sa1.1257,20504109811,282,256,9,0
census_2021_indigenous_state_sa1.1258,20504109812,215,196,0,0
census_2021_indigenous_state_sa1.1259,20504109813,707,650,5,0
census_2021_indigenous_state_sa1.1260,20504109814,513,455,10,0
census_2021_indigenous_state_sa1.1262,20505110001,510,472,9,0
census_2021_indigenous_state_sa1.1263,20505110002,192,147,10,0
census_2021_indigenous_state_sa1.1349,20505110329,203,188,0,0
census_2021_indigenous_state_sa1.1350,20505110330,317,304,11,0
census_2021_indigenous_state_sa1.1351,20505110331,466,392,32,0
census_2021_indigenous_state_sa1.1490,21603141812,252,237,0,1
census_2021_indigenous_state_sa1.1491,21603141813,294,259,0,0
census_2021_indigenous_state_sa1.1269,20505110008,421,401,9,0
census_2021_indigenous_state_sa1.1272,20505110013,240,229,3,0
census_2021_indigenous_state_sa1.1261,20505109901,23,19,0,1
census_2021_indigenous_state_sa1.11,10103101308,268,237,3,1
census_2021_indigenous_state_sa1.8,10103101305,350,303,8,0
census_2021_indigenous_state_sa1.9,10103101306,181,164,6,0
census_2021_indigenous_state_sa1.10,10103101307,321,252,17,0
census_2021_indigenous_state_sa1.46,10103101603,367,335,0,0
census_2021_indigenous_state_sa1.28,10103101501,0,0,0,0
census_2021_indigenous_state_sa1.31,10103101505,74,73,0,0
census_2021_indigenous_state_sa1.34,10103101514,166,151,9,0
census_2021_indigenous_state_sa1.35,10103101515,254,227,17,0
census_2021_indigenous_state_sa1.38,10103101518,322,288,10,0
census_2021_indigenous_state_sa1.285,10901117310,235,187,9,0
census_2021_indigenous_state_sa1.48,10103101605,250,224,5,0
census_2021_indigenous_state_sa1.49,10103101606,628,598,0,0
census_2021_indigenous_state_sa1.1275,20505110101,281,264,3,0
census_2021_indigenous_state_sa1.1352,20505110332,200,155,9,0
census_2021_indigenous_state_sa1.84,10104101813,283,247,5,0
census_2021_indigenous_state_sa1.1353,20505110333,482,420,6,0
census_2021_indigenous_state_sa1.121,10104102010,4,4,0,1
census_2021_indigenous_state_sa1.122,10104102011,386,333,12,0
census_2021_indigenous_state_sa1.123,10104102012,0,0,0,0
census_2021_indigenous_state_sa1.137,10104102026,183,169,3,0
census_2021_indigenous_state_sa1.117,10104102006,361,300,24,0
census_2021_indigenous_state_sa1.146,10104102105,600,538,32,0
census_2021_indigenous_state_sa1.152,10104102302,401,366,21,0
census_2021_indigenous_state_sa1.135,10104102024,260,229,12,0
census_2021_indigenous_state_sa1.159,10104102309,327,285,12,0
census_2021_indigenous_state_sa1.503,20401105705,1018,974,12,0
census_2021_indigenous_state_sa1.504,20401105706,184,151,0,0
census_2021_indigenous_state_sa1.162,10104102402,312,260,4,1
census_2021_indigenous_state_sa1.164,10104102404,440,369,23,1
census_2021_indigenous_state_sa1.165,10104102405,286,247,7,1
census_2021_indigenous_state_sa1.505,20401105708,389,350,3,0
census_2021_indigenous_state_sa1.185,10104102516,321,301,3,0
census_2021_indigenous_state_sa1.252,10901117204,400,366,19,0
census_2021_indigenous_state_sa1.194,10104102525,519,479,6,0
census_2021_indigenous_state_sa1.213,10104102614,693,560,34,0
census_2021_indigenous_state_sa1.225,10104102703,211,196,3,0
census_2021_indigenous_state_sa1.235,10104102713,474,435,14,0
census_2021_indigenous_state_sa1.290,10901117315,330,289,12,0
census_2021_indigenous_state_sa1.341,10901117512,240,223,0,0
census_2021_indigenous_state_sa1.352,10901117529,575,507,22,0
census_2021_indigenous_state_sa1.418,10903118103,270,223,0,0
census_2021_indigenous_state_sa1.725,20403107210,307,257,4,0
census_2021_indigenous_state_sa1.433,10903118501,376,337,6,0
census_2021_indigenous_state_sa1.564,20402106505,285,274,0,0
census_2021_indigenous_state_sa1.459,11302126015,10,13,0,1
census_2021_indigenous_state_sa1.460,11302126205,341,282,8,1
census_2021_indigenous_state_sa1.456,11302126012,328,302,5,0
census_2021_indigenous_state_sa1.457,11302126013,185,168,0,0
census_2021_indigenous_state_sa1.463,20401105403,307,302,3,0
census_2021_indigenous_state_sa1.471,20401105411,400,357,13,0
census_2021_indigenous_state_sa1.513,20401105716,587,519,8,0
census_2021_indigenous_state_sa1.517,20401105720,333,208,0,0
census_2021_indigenous_state_sa1.518,20401105721,259,245,6,0
census_2021_indigenous_state_sa1.522,20402106301,362,344,5,0
census_2021_indigenous_state_sa1.532,20402106311,337,320,3,0
census_2021_indigenous_state_sa1.541,20402106320,343,309,8,0
census_2021_indigenous_state_sa1.1176,20504109506,348,312,21,0
census_2021_indigenous_state_sa1.560,20402106501,257,231,7,0
census_2021_indigenous_state_sa1.553,20402106403,376,331,0,0
census_2021_indigenous_state_sa1.554,20402106404,536,492,9,0
census_2021_indigenous_state_sa1.558,20402106408,531,466,6,0
census_2021_indigenous_state_sa1.562,20402106503,444,406,18,0
census_2021_indigenous_state_sa1.569,20402106601,433,420,7,0
census_2021_indigenous_state_sa1.555,20402106405,235,218,7,1
census_2021_indigenous_state_sa1.590,20402106623,405,389,12,0
census_2021_indigenous_state_sa1.621,20402106704,304,286,3,0
census_2021_indigenous_state_sa1.622,20402106705,386,370,9,0
census_2021_indigenous_state_sa1.623,20402106706,372,336,4,0
census_2021_indigenous_state_sa1.625,20402106708,242,218,0,0
census_2021_indigenous_state_sa1.1354,20505110334,451,380,20,0
census_2021_indigenous_state_sa1.649,20403106801,405,385,0,0
census_2021_indigenous_state_sa1.663,20403106903,381,371,6,0
census_2021_indigenous_state_sa1.669,20403106909,186,170,6,0
census_2021_indigenous_state_sa1.670,20403106910,270,234,13,0
census_2021_indigenous_state_sa1.682,20403106922,430,405,5,1
census_2021_indigenous_state_sa1.687,20403106927,262,238,0,0
census_2021_indigenous_state_sa1.710,20403107110,156,145,3,0
census_2021_indigenous_state_sa1.1162,20504109422,222,202,4,0
census_2021_indigenous_state_sa1.703,20403107103,246,237,3,0
census_2021_indigenous_state_sa1.729,20403107214,472,442,13,0
census_2021_indigenous_state_sa1.731,20403107216,333,299,3,1
census_2021_indigenous_state_sa1.733,20403107218,299,266,0,1
census_2021_indigenous_state_sa1.792,20501107612,252,232,0,0
census_2021_indigenous_state_sa1.780,20403107508,232,217,4,0
census_2021_indigenous_state_sa1.814,20501107703,274,233,4,1
census_2021_indigenous_state_sa1.823,20501107712,584,551,5,0
census_2021_indigenous_state_sa1.853,20501107820,256,249,5,0
census_2021_indigenous_state_sa1.866,20501107912,399,365,9,0
census_2021_indigenous_state_sa1.934,20502108202,554,499,13,0
census_2021_indigenous_state_sa1.1049,20503108724,205,184,0,0
census_2021_indigenous_state_sa1.947,20502108215,325,307,4,0
census_2021_indigenous_state_sa1.1080,20503109006,393,365,6,0
census_2021_indigenous_state_sa1.952,20502108220,212,201,0,1
census_2021_indigenous_state_sa1.962,20502108404,577,522,10,0
census_2021_indigenous_state_sa1.965,20502108407,491,441,13,0
census_2021_indigenous_state_sa1.1012,20502108604,901,824,23,0
census_2021_indigenous_state_sa1.1000,20502108514,457,378,43,1
census_2021_indigenous_state_sa1.1034,20503108709,497,435,4,0
census_2021_indigenous_state_sa1.1042,20503108717,307,274,6,0
census_2021_indigenous_state_sa1.1099,20503109201,16,12,0,1
census_2021_indigenous_state_sa1.1110,20503109313,337,315,0,0
census_2021_indigenous_state_sa1.1159,20504109419,289,270,10,0
census_2021_indigenous_state_sa1.1180,20504109510,6,6,0,0
census_2021_indigenous_state_sa1.1246,20504109638,316,278,0,0
census_2021_indigenous_state_sa1.1298,20505110125,471,446,0,0
census_2021_indigenous_state_sa1.1256,20504109810,187,170,10,0
census_2021_indigenous_state_sa1.1279,20505110105,253,235,0,0
census_2021_indigenous_state_sa1.1312,20505110204,302,261,3,0
census_2021_indigenous_state_sa1.1370,20505110416,404,371,3,0
census_2021_indigenous_state_sa1.1376,21105127632,451,406,9,0
census_2021_indigenous_state_sa1.1364,20505110410,325,281,5,0
census_2021_indigenous_state_sa1.1385,21105128609,4,4,0,0
census_2021_indigenous_state_sa1.1407,21105128636,220,215,0,0
census_2021_indigenous_state_sa1.1417,21105128647,237,227,0,0
census_2021_indigenous_state_sa1.1444,21602141113,370,345,3,0
census_2021_indigenous_state_sa1.1446,21602141115,600,588,5,0
census_2021_indigenous_state_sa1.1447,21602141116,171,160,0,0
census_2021_indigenous_state_sa1.1469,21602141404,424,388,0,0
census_2021_indigenous_state_sa1.1480,21602141417,454,427,9,0
census_2021_indigenous_state_sa1.1276,20505110102,341,326,10,0
census_2021_indigenous_state_sa1.1355,20505110401,283,257,0,0
census_2021_indigenous_state_sa1.1379,21105128603,386,353,4,0
census_2021_indigenous_state_sa1.1455,21602141207,405,380,6,0
census_2021_indigenous_state_sa1.1363,20505110409,283,249,14,0
census_2021_indigenous_state_sa1.1365,20505110411,610,562,7,0
census_2021_indigenous_state_sa1.1366,20505110412,366,347,4,0
census_2021_indigenous_state_sa1.1367,20505110413,366,326,13,0
census_2021_indigenous_state_sa1.1368,20505110414,586,522,9,0
census_2021_indigenous_state_sa1.1372,21105127601,217,210,3,0
census_2021_indigenous_state_sa1.1377,21105128601,163,148,0,0
census_2021_indigenous_state_sa1.1378,21105128602,307,278,5,0
census_2021_indigenous_state_sa1.1383,21105128607,278,256,0,0
census_2021_indigenous_state_sa1.1386,21105128610,408,382,9,0
census_2021_indigenous_state_sa1.1390,21105128618,426,376,3,0
census_2021_indigenous_state_sa1.1389,21105128617,358,298,0,0
census_2021_indigenous_state_sa1.1401,21105128630,378,365,9,0
census_2021_indigenous_state_sa1.1391,21105128619,204,186,7,0
census_2021_indigenous_state_sa1.1392,21105128620,329,309,4,0
census_2021_indigenous_state_sa1.1394,21105128622,281,217,3,0
census_2021_indigenous_state_sa1.1442,21602141111,187,173,5,0
census_2021_indigenous_state_sa1.1443,21602141112,265,212,16,0
census_2021_indigenous_state_sa1.1395,21105128623,212,200,0,0
census_2021_indigenous_state_sa1.1396,21105128625,230,185,7,0
census_2021_indigenous_state_sa1.1397,21105128626,231,209,0,0
census_2021_indigenous_state_sa1.1398,21105128627,409,372,8,0
census_2021_indigenous_state_sa1.1399,21105128628,364,327,3,0
census_2021_indigenous_state_sa1.1400,21105128629,576,534,15,0
census_2021_indigenous_state_sa1.1412,21105128641,128,112,0,0
census_2021_indigenous_state_sa1.1418,21105128648,227,210,4,0
census_2021_indigenous_state_sa1.1445,21602141114,344,320,4,0
census_2021_indigenous_state_sa1.1413,21105128642,569,541,0,0
census_2021_indigenous_state_sa1.1419,21105128649,349,303,3,0
census_2021_indigenous_state_sa1.1423,21105128654,504,460,0,0
census_2021_indigenous_state_sa1.1463,21602141326,301,261,9,0
census_2021_indigenous_state_sa1.1424,21105128657,304,260,0,0
census_2021_indigenous_state_sa1.1426,21201128924,235,197,8,0
census_2021_indigenous_state_sa1.1433,21602141102,267,245,8,0
census_2021_indigenous_state_sa1.1427,21201128936,510,446,0,0
census_2021_indigenous_state_sa1.1428,21201128938,467,427,6,0
census_2021_indigenous_state_sa1.1434,21602141103,272,257,8,0
census_2021_indigenous_state_sa1.1437,21602141106,458,432,9,0
census_2021_indigenous_state_sa1.1438,21602141107,561,489,26,0
census_2021_indigenous_state_sa1.1439,21602141108,515,468,11,0
census_2021_indigenous_state_sa1.1470,21602141405,423,362,0,0
census_2021_indigenous_state_sa1.1429,21201128947,272,248,0,0
census_2021_indigenous_state_sa1.1430,21201128949,258,225,4,0
census_2021_indigenous_state_sa1.1432,21602141101,304,276,8,0
census_2021_indigenous_state_sa1.1440,21602141109,552,489,4,0
census_2021_indigenous_state_sa1.1459,21602141304,352,304,6,0
census_2021_indigenous_state_sa1.1460,21602141307,458,423,0,0
census_2021_indigenous_state_sa1.1465,21602141329,403,372,6,0
census_2021_indigenous_state_sa1.1466,21602141401,383,366,0,0
census_2021_indigenous_state_sa1.1467,21602141402,358,314,0,0
census_2021_indigenous_state_sa1.1468,21602141403,193,186,0,0
census_2021_indigenous_state_sa1.1474,21602141409,506,475,12,0
census_2021_indigenous_state_sa1.1472,21602141407,416,391,0,0
census_2021_indigenous_state_sa1.1473,21602141408,418,361,22,0
census_2021_indigenous_state_sa1.1485,21603141801,255,230,12,0
census_2021_indigenous_state_sa1.1481,21602141418,542,526,0,0
census_2021_indigenous_state_sa1.1482,21602141419,616,593,6,0
census_2021_indigenous_state_sa1.1483,21602141420,232,229,0,0
census_2021_indigenous_state_sa1.1484,21602141421,1235,1202,12,0
census_2021_indigenous_state_sa1.1489,21603141811,267,240,6,0
census_2021_indigenous_state_sa1.1492,60203109902,564,449,78,0
census_2021_indigenous_state_sa1.125,10104102014,204,181,16,1
census_2021_indigenous_state_sa1.1488,21603141810,256,247,3,0
census_2021_indigenous_state_sa1.129,10104102018,426,379,15,1
census_2021_indigenous_state_sa1.1416,21105128645,0,0,0,1
census_2021_indigenous_state_sa1.179,10104102509,134,124,0,1
census_2021_indigenous_state_sa1.542,20402106321,373,343,0,1
census_2021_indigenous_state_sa1.552,20402106402,648,559,17,1
census_2021_indigenous_state_sa1.647,20402106730,257,235,0,1
census_2021_indigenous_state_sa1.651,20403106803,371,348,0,1
census_2021_indigenous_state_sa1.702,20403107102,275,262,3,1
census_2021_indigenous_state_sa1.829,20501107718,0,0,0,1
census_2021_indigenous_state_sa1.946,20502108214,243,217,10,1
census_2021_indigenous_state_sa1.954,20502108222,327,306,4,1
census_2021_indigenous_state_sa1.999,20502108513,217,191,8,1
census_2021_indigenous_state_sa1.1003,20502108517,225,214,8,1
census_2021_indigenous_state_sa1.150,10104102201,43,35,4,1
census_2021_indigenous_state_sa1.1251,20504109805,33,24,0,1
census_2021_indigenous_state_sa1.1293,20505110120,208,174,4,1
census_2021_indigenous_state_sa1.1303,20505110130,602,549,6,1
census_2021_indigenous_state_sa1.1414,21105128643,366,331,9,1
